,Name,Exact Mass,TPSA,ALogP,SMILES String
0,(NMe)-Leu Leu (NMe)-Phe Pro Leu (NMe)-Thr ,726.4679983240018,159.67,2.2034000000000047,N%99(C)[C@@H](CC(C)C)C(=O)N[C@@H](CC(C)C)C(=O)N(C)[C@@H](Cc2ccccc2)C(=O)N3CCC[C@H]3C(=O)N[C@@H](CC(C)C)C(=O)N(C)[C@@H]([C@H](O)C)C(=O)%99
1,(NMe)-Leu Leu (NMe)-Phe Pro Leu (NMe)-D-Thr ,726.4679983240018,159.67,2.2034000000000047,N%99(C)[C@@H](CC(C)C)C(=O)N[C@@H](CC(C)C)C(=O)N(C)[C@@H](Cc2ccccc2)C(=O)N3CCC[C@H]3C(=O)N[C@@H](CC(C)C)C(=O)N(C)[C@H]([C@H](O)C)C(=O)%99
2,(NMe)-Leu Leu (NMe)-Phe Pro D-Leu (NMe)-Thr ,726.4679983240018,159.67,2.2034000000000047,N%99(C)[C@@H](CC(C)C)C(=O)N[C@@H](CC(C)C)C(=O)N(C)[C@@H](Cc2ccccc2)C(=O)N3CCC[C@H]3C(=O)N[C@H](CC(C)C)C(=O)N(C)[C@@H]([C@H](O)C)C(=O)%99
3,(NMe)-Leu Leu (NMe)-Phe Pro D-Leu (NMe)-D-Thr ,726.4679983240018,159.67,2.2034000000000047,N%99(C)[C@@H](CC(C)C)C(=O)N[C@@H](CC(C)C)C(=O)N(C)[C@@H](Cc2ccccc2)C(=O)N3CCC[C@H]3C(=O)N[C@H](CC(C)C)C(=O)N(C)[C@H]([C@H](O)C)C(=O)%99
4,(NMe)-Leu Leu (NMe)-Phe D-Pro Leu (NMe)-Thr ,726.4679983240018,159.67,2.2034000000000047,N%99(C)[C@@H](CC(C)C)C(=O)N[C@@H](CC(C)C)C(=O)N(C)[C@@H](Cc2ccccc2)C(=O)N3CCC[C@@H]3C(=O)N[C@@H](CC(C)C)C(=O)N(C)[C@@H]([C@H](O)C)C(=O)%99
5,(NMe)-Leu Leu (NMe)-Phe D-Pro Leu (NMe)-D-Thr ,726.4679983240018,159.67,2.2034000000000047,N%99(C)[C@@H](CC(C)C)C(=O)N[C@@H](CC(C)C)C(=O)N(C)[C@@H](Cc2ccccc2)C(=O)N3CCC[C@@H]3C(=O)N[C@@H](CC(C)C)C(=O)N(C)[C@H]([C@H](O)C)C(=O)%99
6,(NMe)-Leu Leu (NMe)-Phe D-Pro D-Leu (NMe)-Thr ,726.4679983240018,159.67,2.2034000000000047,N%99(C)[C@@H](CC(C)C)C(=O)N[C@@H](CC(C)C)C(=O)N(C)[C@@H](Cc2ccccc2)C(=O)N3CCC[C@@H]3C(=O)N[C@H](CC(C)C)C(=O)N(C)[C@@H]([C@H](O)C)C(=O)%99
7,(NMe)-Leu Leu (NMe)-Phe D-Pro D-Leu (NMe)-D-Thr ,726.4679983240018,159.67,2.2034000000000047,N%99(C)[C@@H](CC(C)C)C(=O)N[C@@H](CC(C)C)C(=O)N(C)[C@@H](Cc2ccccc2)C(=O)N3CCC[C@@H]3C(=O)N[C@H](CC(C)C)C(=O)N(C)[C@H]([C@H](O)C)C(=O)%99
8,(NMe)-Leu Leu (NMe)-D-Phe Pro Leu (NMe)-Thr ,726.4679983240018,159.67,2.2034000000000047,N%99(C)[C@@H](CC(C)C)C(=O)N[C@@H](CC(C)C)C(=O)N(C)[C@H](Cc2ccccc2)C(=O)N3CCC[C@H]3C(=O)N[C@@H](CC(C)C)C(=O)N(C)[C@@H]([C@H](O)C)C(=O)%99
9,(NMe)-Leu Leu (NMe)-D-Phe Pro Leu (NMe)-D-Thr ,726.4679983240018,159.67,2.2034000000000047,N%99(C)[C@@H](CC(C)C)C(=O)N[C@@H](CC(C)C)C(=O)N(C)[C@H](Cc2ccccc2)C(=O)N3CCC[C@H]3C(=O)N[C@@H](CC(C)C)C(=O)N(C)[C@H]([C@H](O)C)C(=O)%99
10,(NMe)-Leu Leu (NMe)-D-Phe Pro D-Leu (NMe)-Thr ,726.4679983240018,159.67,2.2034000000000047,N%99(C)[C@@H](CC(C)C)C(=O)N[C@@H](CC(C)C)C(=O)N(C)[C@H](Cc2ccccc2)C(=O)N3CCC[C@H]3C(=O)N[C@H](CC(C)C)C(=O)N(C)[C@@H]([C@H](O)C)C(=O)%99
11,(NMe)-Leu Leu (NMe)-D-Phe Pro D-Leu (NMe)-D-Thr ,726.4679983240018,159.67,2.2034000000000047,N%99(C)[C@@H](CC(C)C)C(=O)N[C@@H](CC(C)C)C(=O)N(C)[C@H](Cc2ccccc2)C(=O)N3CCC[C@H]3C(=O)N[C@H](CC(C)C)C(=O)N(C)[C@H]([C@H](O)C)C(=O)%99
12,(NMe)-Leu Leu (NMe)-D-Phe D-Pro Leu (NMe)-Thr ,726.4679983240018,159.67,2.2034000000000047,N%99(C)[C@@H](CC(C)C)C(=O)N[C@@H](CC(C)C)C(=O)N(C)[C@H](Cc2ccccc2)C(=O)N3CCC[C@@H]3C(=O)N[C@@H](CC(C)C)C(=O)N(C)[C@@H]([C@H](O)C)C(=O)%99
13,(NMe)-Leu Leu (NMe)-D-Phe D-Pro Leu (NMe)-D-Thr ,726.4679983240018,159.67,2.2034000000000047,N%99(C)[C@@H](CC(C)C)C(=O)N[C@@H](CC(C)C)C(=O)N(C)[C@H](Cc2ccccc2)C(=O)N3CCC[C@@H]3C(=O)N[C@@H](CC(C)C)C(=O)N(C)[C@H]([C@H](O)C)C(=O)%99
14,(NMe)-Leu Leu (NMe)-D-Phe D-Pro D-Leu (NMe)-Thr ,726.4679983240018,159.67,2.2034000000000047,N%99(C)[C@@H](CC(C)C)C(=O)N[C@@H](CC(C)C)C(=O)N(C)[C@H](Cc2ccccc2)C(=O)N3CCC[C@@H]3C(=O)N[C@H](CC(C)C)C(=O)N(C)[C@@H]([C@H](O)C)C(=O)%99
15,(NMe)-Leu Leu (NMe)-D-Phe D-Pro D-Leu (NMe)-D-Thr ,726.4679983240018,159.67,2.2034000000000047,N%99(C)[C@@H](CC(C)C)C(=O)N[C@@H](CC(C)C)C(=O)N(C)[C@H](Cc2ccccc2)C(=O)N3CCC[C@@H]3C(=O)N[C@H](CC(C)C)C(=O)N(C)[C@H]([C@H](O)C)C(=O)%99
16,(NMe)-Leu Leu N-dFBn Pro Leu (NMe)-Thr ,748.4335046360017,159.67,2.440700000000004,N%99(C)[C@@H](CC(C)C)C(=O)N[C@@H](CC(C)C)C(=O)N(Cc1c(F)cc(F)cc1)CC(=O)N3CCC[C@H]3C(=O)N[C@@H](CC(C)C)C(=O)N(C)[C@@H]([C@H](O)C)C(=O)%99
17,(NMe)-Leu Leu N-dFBn Pro Leu (NMe)-D-Thr ,748.4335046360017,159.67,2.440700000000004,N%99(C)[C@@H](CC(C)C)C(=O)N[C@@H](CC(C)C)C(=O)N(Cc1c(F)cc(F)cc1)CC(=O)N3CCC[C@H]3C(=O)N[C@@H](CC(C)C)C(=O)N(C)[C@H]([C@H](O)C)C(=O)%99
18,(NMe)-Leu Leu N-dFBn Pro D-Leu (NMe)-Thr ,748.4335046360017,159.67,2.440700000000004,N%99(C)[C@@H](CC(C)C)C(=O)N[C@@H](CC(C)C)C(=O)N(Cc1c(F)cc(F)cc1)CC(=O)N3CCC[C@H]3C(=O)N[C@H](CC(C)C)C(=O)N(C)[C@@H]([C@H](O)C)C(=O)%99
19,(NMe)-Leu Leu N-dFBn Pro D-Leu (NMe)-D-Thr ,748.4335046360017,159.67,2.440700000000004,N%99(C)[C@@H](CC(C)C)C(=O)N[C@@H](CC(C)C)C(=O)N(Cc1c(F)cc(F)cc1)CC(=O)N3CCC[C@H]3C(=O)N[C@H](CC(C)C)C(=O)N(C)[C@H]([C@H](O)C)C(=O)%99
20,(NMe)-Leu Leu N-dFBn D-Pro Leu (NMe)-Thr ,748.4335046360017,159.67,2.440700000000004,N%99(C)[C@@H](CC(C)C)C(=O)N[C@@H](CC(C)C)C(=O)N(Cc1c(F)cc(F)cc1)CC(=O)N3CCC[C@@H]3C(=O)N[C@@H](CC(C)C)C(=O)N(C)[C@@H]([C@H](O)C)C(=O)%99
21,(NMe)-Leu Leu N-dFBn D-Pro Leu (NMe)-D-Thr ,748.4335046360017,159.67,2.440700000000004,N%99(C)[C@@H](CC(C)C)C(=O)N[C@@H](CC(C)C)C(=O)N(Cc1c(F)cc(F)cc1)CC(=O)N3CCC[C@@H]3C(=O)N[C@@H](CC(C)C)C(=O)N(C)[C@H]([C@H](O)C)C(=O)%99
22,(NMe)-Leu Leu N-dFBn D-Pro D-Leu (NMe)-Thr ,748.4335046360017,159.67,2.440700000000004,N%99(C)[C@@H](CC(C)C)C(=O)N[C@@H](CC(C)C)C(=O)N(Cc1c(F)cc(F)cc1)CC(=O)N3CCC[C@@H]3C(=O)N[C@H](CC(C)C)C(=O)N(C)[C@@H]([C@H](O)C)C(=O)%99
23,(NMe)-Leu Leu N-dFBn D-Pro D-Leu (NMe)-D-Thr ,748.4335046360017,159.67,2.440700000000004,N%99(C)[C@@H](CC(C)C)C(=O)N[C@@H](CC(C)C)C(=O)N(Cc1c(F)cc(F)cc1)CC(=O)N3CCC[C@@H]3C(=O)N[C@H](CC(C)C)C(=O)N(C)[C@H]([C@H](O)C)C(=O)%99
24,(NMe)-Leu D-Leu (NMe)-Phe Pro Leu (NMe)-Thr ,726.4679983240018,159.67,2.2034000000000047,N%99(C)[C@@H](CC(C)C)C(=O)N[C@H](CC(C)C)C(=O)N(C)[C@@H](Cc2ccccc2)C(=O)N3CCC[C@H]3C(=O)N[C@@H](CC(C)C)C(=O)N(C)[C@@H]([C@H](O)C)C(=O)%99
25,(NMe)-Leu D-Leu (NMe)-Phe Pro Leu (NMe)-D-Thr ,726.4679983240018,159.67,2.2034000000000047,N%99(C)[C@@H](CC(C)C)C(=O)N[C@H](CC(C)C)C(=O)N(C)[C@@H](Cc2ccccc2)C(=O)N3CCC[C@H]3C(=O)N[C@@H](CC(C)C)C(=O)N(C)[C@H]([C@H](O)C)C(=O)%99
26,(NMe)-Leu D-Leu (NMe)-Phe Pro D-Leu (NMe)-Thr ,726.4679983240018,159.67,2.2034000000000047,N%99(C)[C@@H](CC(C)C)C(=O)N[C@H](CC(C)C)C(=O)N(C)[C@@H](Cc2ccccc2)C(=O)N3CCC[C@H]3C(=O)N[C@H](CC(C)C)C(=O)N(C)[C@@H]([C@H](O)C)C(=O)%99
27,(NMe)-Leu D-Leu (NMe)-Phe Pro D-Leu (NMe)-D-Thr ,726.4679983240018,159.67,2.2034000000000047,N%99(C)[C@@H](CC(C)C)C(=O)N[C@H](CC(C)C)C(=O)N(C)[C@@H](Cc2ccccc2)C(=O)N3CCC[C@H]3C(=O)N[C@H](CC(C)C)C(=O)N(C)[C@H]([C@H](O)C)C(=O)%99
28,(NMe)-Leu D-Leu (NMe)-Phe D-Pro Leu (NMe)-Thr ,726.4679983240018,159.67,2.2034000000000047,N%99(C)[C@@H](CC(C)C)C(=O)N[C@H](CC(C)C)C(=O)N(C)[C@@H](Cc2ccccc2)C(=O)N3CCC[C@@H]3C(=O)N[C@@H](CC(C)C)C(=O)N(C)[C@@H]([C@H](O)C)C(=O)%99
29,(NMe)-Leu D-Leu (NMe)-Phe D-Pro Leu (NMe)-D-Thr ,726.4679983240018,159.67,2.2034000000000047,N%99(C)[C@@H](CC(C)C)C(=O)N[C@H](CC(C)C)C(=O)N(C)[C@@H](Cc2ccccc2)C(=O)N3CCC[C@@H]3C(=O)N[C@@H](CC(C)C)C(=O)N(C)[C@H]([C@H](O)C)C(=O)%99
30,(NMe)-Leu D-Leu (NMe)-Phe D-Pro D-Leu (NMe)-Thr ,726.4679983240018,159.67,2.2034000000000047,N%99(C)[C@@H](CC(C)C)C(=O)N[C@H](CC(C)C)C(=O)N(C)[C@@H](Cc2ccccc2)C(=O)N3CCC[C@@H]3C(=O)N[C@H](CC(C)C)C(=O)N(C)[C@@H]([C@H](O)C)C(=O)%99
31,(NMe)-Leu D-Leu (NMe)-Phe D-Pro D-Leu (NMe)-D-Thr ,726.4679983240018,159.67,2.2034000000000047,N%99(C)[C@@H](CC(C)C)C(=O)N[C@H](CC(C)C)C(=O)N(C)[C@@H](Cc2ccccc2)C(=O)N3CCC[C@@H]3C(=O)N[C@H](CC(C)C)C(=O)N(C)[C@H]([C@H](O)C)C(=O)%99
32,(NMe)-Leu D-Leu (NMe)-D-Phe Pro Leu (NMe)-Thr ,726.4679983240018,159.67,2.2034000000000047,N%99(C)[C@@H](CC(C)C)C(=O)N[C@H](CC(C)C)C(=O)N(C)[C@H](Cc2ccccc2)C(=O)N3CCC[C@H]3C(=O)N[C@@H](CC(C)C)C(=O)N(C)[C@@H]([C@H](O)C)C(=O)%99
33,(NMe)-Leu D-Leu (NMe)-D-Phe Pro Leu (NMe)-D-Thr ,726.4679983240018,159.67,2.2034000000000047,N%99(C)[C@@H](CC(C)C)C(=O)N[C@H](CC(C)C)C(=O)N(C)[C@H](Cc2ccccc2)C(=O)N3CCC[C@H]3C(=O)N[C@@H](CC(C)C)C(=O)N(C)[C@H]([C@H](O)C)C(=O)%99
34,(NMe)-Leu D-Leu (NMe)-D-Phe Pro D-Leu (NMe)-Thr ,726.4679983240018,159.67,2.2034000000000047,N%99(C)[C@@H](CC(C)C)C(=O)N[C@H](CC(C)C)C(=O)N(C)[C@H](Cc2ccccc2)C(=O)N3CCC[C@H]3C(=O)N[C@H](CC(C)C)C(=O)N(C)[C@@H]([C@H](O)C)C(=O)%99
35,(NMe)-Leu D-Leu (NMe)-D-Phe Pro D-Leu (NMe)-D-Thr ,726.4679983240018,159.67,2.2034000000000047,N%99(C)[C@@H](CC(C)C)C(=O)N[C@H](CC(C)C)C(=O)N(C)[C@H](Cc2ccccc2)C(=O)N3CCC[C@H]3C(=O)N[C@H](CC(C)C)C(=O)N(C)[C@H]([C@H](O)C)C(=O)%99
36,(NMe)-Leu D-Leu (NMe)-D-Phe D-Pro Leu (NMe)-Thr ,726.4679983240018,159.67,2.2034000000000047,N%99(C)[C@@H](CC(C)C)C(=O)N[C@H](CC(C)C)C(=O)N(C)[C@H](Cc2ccccc2)C(=O)N3CCC[C@@H]3C(=O)N[C@@H](CC(C)C)C(=O)N(C)[C@@H]([C@H](O)C)C(=O)%99
37,(NMe)-Leu D-Leu (NMe)-D-Phe D-Pro Leu (NMe)-D-Thr ,726.4679983240018,159.67,2.2034000000000047,N%99(C)[C@@H](CC(C)C)C(=O)N[C@H](CC(C)C)C(=O)N(C)[C@H](Cc2ccccc2)C(=O)N3CCC[C@@H]3C(=O)N[C@@H](CC(C)C)C(=O)N(C)[C@H]([C@H](O)C)C(=O)%99
38,(NMe)-Leu D-Leu (NMe)-D-Phe D-Pro D-Leu (NMe)-Thr ,726.4679983240018,159.67,2.2034000000000047,N%99(C)[C@@H](CC(C)C)C(=O)N[C@H](CC(C)C)C(=O)N(C)[C@H](Cc2ccccc2)C(=O)N3CCC[C@@H]3C(=O)N[C@H](CC(C)C)C(=O)N(C)[C@@H]([C@H](O)C)C(=O)%99
39,(NMe)-Leu D-Leu (NMe)-D-Phe D-Pro D-Leu (NMe)-D-Thr ,726.4679983240018,159.67,2.2034000000000047,N%99(C)[C@@H](CC(C)C)C(=O)N[C@H](CC(C)C)C(=O)N(C)[C@H](Cc2ccccc2)C(=O)N3CCC[C@@H]3C(=O)N[C@H](CC(C)C)C(=O)N(C)[C@H]([C@H](O)C)C(=O)%99
40,(NMe)-Leu D-Leu N-dFBn Pro Leu (NMe)-Thr ,748.4335046360017,159.67,2.440700000000004,N%99(C)[C@@H](CC(C)C)C(=O)N[C@H](CC(C)C)C(=O)N(Cc1c(F)cc(F)cc1)CC(=O)N3CCC[C@H]3C(=O)N[C@@H](CC(C)C)C(=O)N(C)[C@@H]([C@H](O)C)C(=O)%99
41,(NMe)-Leu D-Leu N-dFBn Pro Leu (NMe)-D-Thr ,748.4335046360017,159.67,2.440700000000004,N%99(C)[C@@H](CC(C)C)C(=O)N[C@H](CC(C)C)C(=O)N(Cc1c(F)cc(F)cc1)CC(=O)N3CCC[C@H]3C(=O)N[C@@H](CC(C)C)C(=O)N(C)[C@H]([C@H](O)C)C(=O)%99
42,(NMe)-Leu D-Leu N-dFBn Pro D-Leu (NMe)-Thr ,748.4335046360017,159.67,2.440700000000004,N%99(C)[C@@H](CC(C)C)C(=O)N[C@H](CC(C)C)C(=O)N(Cc1c(F)cc(F)cc1)CC(=O)N3CCC[C@H]3C(=O)N[C@H](CC(C)C)C(=O)N(C)[C@@H]([C@H](O)C)C(=O)%99
43,(NMe)-Leu D-Leu N-dFBn Pro D-Leu (NMe)-D-Thr ,748.4335046360017,159.67,2.440700000000004,N%99(C)[C@@H](CC(C)C)C(=O)N[C@H](CC(C)C)C(=O)N(Cc1c(F)cc(F)cc1)CC(=O)N3CCC[C@H]3C(=O)N[C@H](CC(C)C)C(=O)N(C)[C@H]([C@H](O)C)C(=O)%99
44,(NMe)-Leu D-Leu N-dFBn D-Pro Leu (NMe)-Thr ,748.4335046360017,159.67,2.440700000000004,N%99(C)[C@@H](CC(C)C)C(=O)N[C@H](CC(C)C)C(=O)N(Cc1c(F)cc(F)cc1)CC(=O)N3CCC[C@@H]3C(=O)N[C@@H](CC(C)C)C(=O)N(C)[C@@H]([C@H](O)C)C(=O)%99
45,(NMe)-Leu D-Leu N-dFBn D-Pro Leu (NMe)-D-Thr ,748.4335046360017,159.67,2.440700000000004,N%99(C)[C@@H](CC(C)C)C(=O)N[C@H](CC(C)C)C(=O)N(Cc1c(F)cc(F)cc1)CC(=O)N3CCC[C@@H]3C(=O)N[C@@H](CC(C)C)C(=O)N(C)[C@H]([C@H](O)C)C(=O)%99
46,(NMe)-Leu D-Leu N-dFBn D-Pro D-Leu (NMe)-Thr ,748.4335046360017,159.67,2.440700000000004,N%99(C)[C@@H](CC(C)C)C(=O)N[C@H](CC(C)C)C(=O)N(Cc1c(F)cc(F)cc1)CC(=O)N3CCC[C@@H]3C(=O)N[C@H](CC(C)C)C(=O)N(C)[C@@H]([C@H](O)C)C(=O)%99
47,(NMe)-Leu D-Leu N-dFBn D-Pro D-Leu (NMe)-D-Thr ,748.4335046360017,159.67,2.440700000000004,N%99(C)[C@@H](CC(C)C)C(=O)N[C@H](CC(C)C)C(=O)N(Cc1c(F)cc(F)cc1)CC(=O)N3CCC[C@@H]3C(=O)N[C@H](CC(C)C)C(=O)N(C)[C@H]([C@H](O)C)C(=O)%99
48,(NMe)-D-Leu Leu (NMe)-Phe Pro Leu (NMe)-Thr ,726.4679983240018,159.67,2.2034000000000047,N%99(C)[C@H](CC(C)C)C(=O)N[C@@H](CC(C)C)C(=O)N(C)[C@@H](Cc2ccccc2)C(=O)N3CCC[C@H]3C(=O)N[C@@H](CC(C)C)C(=O)N(C)[C@@H]([C@H](O)C)C(=O)%99
49,(NMe)-D-Leu Leu (NMe)-Phe Pro Leu (NMe)-D-Thr ,726.4679983240018,159.67,2.2034000000000047,N%99(C)[C@H](CC(C)C)C(=O)N[C@@H](CC(C)C)C(=O)N(C)[C@@H](Cc2ccccc2)C(=O)N3CCC[C@H]3C(=O)N[C@@H](CC(C)C)C(=O)N(C)[C@H]([C@H](O)C)C(=O)%99
50,(NMe)-D-Leu Leu (NMe)-Phe Pro D-Leu (NMe)-Thr ,726.4679983240018,159.67,2.2034000000000047,N%99(C)[C@H](CC(C)C)C(=O)N[C@@H](CC(C)C)C(=O)N(C)[C@@H](Cc2ccccc2)C(=O)N3CCC[C@H]3C(=O)N[C@H](CC(C)C)C(=O)N(C)[C@@H]([C@H](O)C)C(=O)%99
51,(NMe)-D-Leu Leu (NMe)-Phe Pro D-Leu (NMe)-D-Thr ,726.4679983240018,159.67,2.2034000000000047,N%99(C)[C@H](CC(C)C)C(=O)N[C@@H](CC(C)C)C(=O)N(C)[C@@H](Cc2ccccc2)C(=O)N3CCC[C@H]3C(=O)N[C@H](CC(C)C)C(=O)N(C)[C@H]([C@H](O)C)C(=O)%99
52,(NMe)-D-Leu Leu (NMe)-Phe D-Pro Leu (NMe)-Thr ,726.4679983240018,159.67,2.2034000000000047,N%99(C)[C@H](CC(C)C)C(=O)N[C@@H](CC(C)C)C(=O)N(C)[C@@H](Cc2ccccc2)C(=O)N3CCC[C@@H]3C(=O)N[C@@H](CC(C)C)C(=O)N(C)[C@@H]([C@H](O)C)C(=O)%99
53,(NMe)-D-Leu Leu (NMe)-Phe D-Pro Leu (NMe)-D-Thr ,726.4679983240018,159.67,2.2034000000000047,N%99(C)[C@H](CC(C)C)C(=O)N[C@@H](CC(C)C)C(=O)N(C)[C@@H](Cc2ccccc2)C(=O)N3CCC[C@@H]3C(=O)N[C@@H](CC(C)C)C(=O)N(C)[C@H]([C@H](O)C)C(=O)%99
54,(NMe)-D-Leu Leu (NMe)-Phe D-Pro D-Leu (NMe)-Thr ,726.4679983240018,159.67,2.2034000000000047,N%99(C)[C@H](CC(C)C)C(=O)N[C@@H](CC(C)C)C(=O)N(C)[C@@H](Cc2ccccc2)C(=O)N3CCC[C@@H]3C(=O)N[C@H](CC(C)C)C(=O)N(C)[C@@H]([C@H](O)C)C(=O)%99
55,(NMe)-D-Leu Leu (NMe)-Phe D-Pro D-Leu (NMe)-D-Thr ,726.4679983240018,159.67,2.2034000000000047,N%99(C)[C@H](CC(C)C)C(=O)N[C@@H](CC(C)C)C(=O)N(C)[C@@H](Cc2ccccc2)C(=O)N3CCC[C@@H]3C(=O)N[C@H](CC(C)C)C(=O)N(C)[C@H]([C@H](O)C)C(=O)%99
56,(NMe)-D-Leu Leu (NMe)-D-Phe Pro Leu (NMe)-Thr ,726.4679983240018,159.67,2.2034000000000047,N%99(C)[C@H](CC(C)C)C(=O)N[C@@H](CC(C)C)C(=O)N(C)[C@H](Cc2ccccc2)C(=O)N3CCC[C@H]3C(=O)N[C@@H](CC(C)C)C(=O)N(C)[C@@H]([C@H](O)C)C(=O)%99
57,(NMe)-D-Leu Leu (NMe)-D-Phe Pro Leu (NMe)-D-Thr ,726.4679983240018,159.67,2.2034000000000047,N%99(C)[C@H](CC(C)C)C(=O)N[C@@H](CC(C)C)C(=O)N(C)[C@H](Cc2ccccc2)C(=O)N3CCC[C@H]3C(=O)N[C@@H](CC(C)C)C(=O)N(C)[C@H]([C@H](O)C)C(=O)%99
58,(NMe)-D-Leu Leu (NMe)-D-Phe Pro D-Leu (NMe)-Thr ,726.4679983240018,159.67,2.2034000000000047,N%99(C)[C@H](CC(C)C)C(=O)N[C@@H](CC(C)C)C(=O)N(C)[C@H](Cc2ccccc2)C(=O)N3CCC[C@H]3C(=O)N[C@H](CC(C)C)C(=O)N(C)[C@@H]([C@H](O)C)C(=O)%99
59,(NMe)-D-Leu Leu (NMe)-D-Phe Pro D-Leu (NMe)-D-Thr ,726.4679983240018,159.67,2.2034000000000047,N%99(C)[C@H](CC(C)C)C(=O)N[C@@H](CC(C)C)C(=O)N(C)[C@H](Cc2ccccc2)C(=O)N3CCC[C@H]3C(=O)N[C@H](CC(C)C)C(=O)N(C)[C@H]([C@H](O)C)C(=O)%99
60,(NMe)-D-Leu Leu (NMe)-D-Phe D-Pro Leu (NMe)-Thr ,726.4679983240018,159.67,2.2034000000000047,N%99(C)[C@H](CC(C)C)C(=O)N[C@@H](CC(C)C)C(=O)N(C)[C@H](Cc2ccccc2)C(=O)N3CCC[C@@H]3C(=O)N[C@@H](CC(C)C)C(=O)N(C)[C@@H]([C@H](O)C)C(=O)%99
61,(NMe)-D-Leu Leu (NMe)-D-Phe D-Pro Leu (NMe)-D-Thr ,726.4679983240018,159.67,2.2034000000000047,N%99(C)[C@H](CC(C)C)C(=O)N[C@@H](CC(C)C)C(=O)N(C)[C@H](Cc2ccccc2)C(=O)N3CCC[C@@H]3C(=O)N[C@@H](CC(C)C)C(=O)N(C)[C@H]([C@H](O)C)C(=O)%99
62,(NMe)-D-Leu Leu (NMe)-D-Phe D-Pro D-Leu (NMe)-Thr ,726.4679983240018,159.67,2.2034000000000047,N%99(C)[C@H](CC(C)C)C(=O)N[C@@H](CC(C)C)C(=O)N(C)[C@H](Cc2ccccc2)C(=O)N3CCC[C@@H]3C(=O)N[C@H](CC(C)C)C(=O)N(C)[C@@H]([C@H](O)C)C(=O)%99
63,(NMe)-D-Leu Leu (NMe)-D-Phe D-Pro D-Leu (NMe)-D-Thr ,726.4679983240018,159.67,2.2034000000000047,N%99(C)[C@H](CC(C)C)C(=O)N[C@@H](CC(C)C)C(=O)N(C)[C@H](Cc2ccccc2)C(=O)N3CCC[C@@H]3C(=O)N[C@H](CC(C)C)C(=O)N(C)[C@H]([C@H](O)C)C(=O)%99
64,(NMe)-D-Leu Leu N-dFBn Pro Leu (NMe)-Thr ,748.4335046360017,159.67,2.440700000000004,N%99(C)[C@H](CC(C)C)C(=O)N[C@@H](CC(C)C)C(=O)N(Cc1c(F)cc(F)cc1)CC(=O)N3CCC[C@H]3C(=O)N[C@@H](CC(C)C)C(=O)N(C)[C@@H]([C@H](O)C)C(=O)%99
65,(NMe)-D-Leu Leu N-dFBn Pro Leu (NMe)-D-Thr ,748.4335046360017,159.67,2.440700000000004,N%99(C)[C@H](CC(C)C)C(=O)N[C@@H](CC(C)C)C(=O)N(Cc1c(F)cc(F)cc1)CC(=O)N3CCC[C@H]3C(=O)N[C@@H](CC(C)C)C(=O)N(C)[C@H]([C@H](O)C)C(=O)%99
66,(NMe)-D-Leu Leu N-dFBn Pro D-Leu (NMe)-Thr ,748.4335046360017,159.67,2.440700000000004,N%99(C)[C@H](CC(C)C)C(=O)N[C@@H](CC(C)C)C(=O)N(Cc1c(F)cc(F)cc1)CC(=O)N3CCC[C@H]3C(=O)N[C@H](CC(C)C)C(=O)N(C)[C@@H]([C@H](O)C)C(=O)%99
67,(NMe)-D-Leu Leu N-dFBn Pro D-Leu (NMe)-D-Thr ,748.4335046360017,159.67,2.440700000000004,N%99(C)[C@H](CC(C)C)C(=O)N[C@@H](CC(C)C)C(=O)N(Cc1c(F)cc(F)cc1)CC(=O)N3CCC[C@H]3C(=O)N[C@H](CC(C)C)C(=O)N(C)[C@H]([C@H](O)C)C(=O)%99
68,(NMe)-D-Leu Leu N-dFBn D-Pro Leu (NMe)-Thr ,748.4335046360017,159.67,2.440700000000004,N%99(C)[C@H](CC(C)C)C(=O)N[C@@H](CC(C)C)C(=O)N(Cc1c(F)cc(F)cc1)CC(=O)N3CCC[C@@H]3C(=O)N[C@@H](CC(C)C)C(=O)N(C)[C@@H]([C@H](O)C)C(=O)%99
69,(NMe)-D-Leu Leu N-dFBn D-Pro Leu (NMe)-D-Thr ,748.4335046360017,159.67,2.440700000000004,N%99(C)[C@H](CC(C)C)C(=O)N[C@@H](CC(C)C)C(=O)N(Cc1c(F)cc(F)cc1)CC(=O)N3CCC[C@@H]3C(=O)N[C@@H](CC(C)C)C(=O)N(C)[C@H]([C@H](O)C)C(=O)%99
70,(NMe)-D-Leu Leu N-dFBn D-Pro D-Leu (NMe)-Thr ,748.4335046360017,159.67,2.440700000000004,N%99(C)[C@H](CC(C)C)C(=O)N[C@@H](CC(C)C)C(=O)N(Cc1c(F)cc(F)cc1)CC(=O)N3CCC[C@@H]3C(=O)N[C@H](CC(C)C)C(=O)N(C)[C@@H]([C@H](O)C)C(=O)%99
71,(NMe)-D-Leu Leu N-dFBn D-Pro D-Leu (NMe)-D-Thr ,748.4335046360017,159.67,2.440700000000004,N%99(C)[C@H](CC(C)C)C(=O)N[C@@H](CC(C)C)C(=O)N(Cc1c(F)cc(F)cc1)CC(=O)N3CCC[C@@H]3C(=O)N[C@H](CC(C)C)C(=O)N(C)[C@H]([C@H](O)C)C(=O)%99
72,(NMe)-D-Leu D-Leu (NMe)-Phe Pro Leu (NMe)-Thr ,726.4679983240018,159.67,2.2034000000000047,N%99(C)[C@H](CC(C)C)C(=O)N[C@H](CC(C)C)C(=O)N(C)[C@@H](Cc2ccccc2)C(=O)N3CCC[C@H]3C(=O)N[C@@H](CC(C)C)C(=O)N(C)[C@@H]([C@H](O)C)C(=O)%99
73,(NMe)-D-Leu D-Leu (NMe)-Phe Pro Leu (NMe)-D-Thr ,726.4679983240018,159.67,2.2034000000000047,N%99(C)[C@H](CC(C)C)C(=O)N[C@H](CC(C)C)C(=O)N(C)[C@@H](Cc2ccccc2)C(=O)N3CCC[C@H]3C(=O)N[C@@H](CC(C)C)C(=O)N(C)[C@H]([C@H](O)C)C(=O)%99
74,(NMe)-D-Leu D-Leu (NMe)-Phe Pro D-Leu (NMe)-Thr ,726.4679983240018,159.67,2.2034000000000047,N%99(C)[C@H](CC(C)C)C(=O)N[C@H](CC(C)C)C(=O)N(C)[C@@H](Cc2ccccc2)C(=O)N3CCC[C@H]3C(=O)N[C@H](CC(C)C)C(=O)N(C)[C@@H]([C@H](O)C)C(=O)%99
75,(NMe)-D-Leu D-Leu (NMe)-Phe Pro D-Leu (NMe)-D-Thr ,726.4679983240018,159.67,2.2034000000000047,N%99(C)[C@H](CC(C)C)C(=O)N[C@H](CC(C)C)C(=O)N(C)[C@@H](Cc2ccccc2)C(=O)N3CCC[C@H]3C(=O)N[C@H](CC(C)C)C(=O)N(C)[C@H]([C@H](O)C)C(=O)%99
76,(NMe)-D-Leu D-Leu (NMe)-Phe D-Pro Leu (NMe)-Thr ,726.4679983240018,159.67,2.2034000000000047,N%99(C)[C@H](CC(C)C)C(=O)N[C@H](CC(C)C)C(=O)N(C)[C@@H](Cc2ccccc2)C(=O)N3CCC[C@@H]3C(=O)N[C@@H](CC(C)C)C(=O)N(C)[C@@H]([C@H](O)C)C(=O)%99
77,(NMe)-D-Leu D-Leu (NMe)-Phe D-Pro Leu (NMe)-D-Thr ,726.4679983240018,159.67,2.2034000000000047,N%99(C)[C@H](CC(C)C)C(=O)N[C@H](CC(C)C)C(=O)N(C)[C@@H](Cc2ccccc2)C(=O)N3CCC[C@@H]3C(=O)N[C@@H](CC(C)C)C(=O)N(C)[C@H]([C@H](O)C)C(=O)%99
78,(NMe)-D-Leu D-Leu (NMe)-Phe D-Pro D-Leu (NMe)-Thr ,726.4679983240018,159.67,2.2034000000000047,N%99(C)[C@H](CC(C)C)C(=O)N[C@H](CC(C)C)C(=O)N(C)[C@@H](Cc2ccccc2)C(=O)N3CCC[C@@H]3C(=O)N[C@H](CC(C)C)C(=O)N(C)[C@@H]([C@H](O)C)C(=O)%99
79,(NMe)-D-Leu D-Leu (NMe)-Phe D-Pro D-Leu (NMe)-D-Thr ,726.4679983240018,159.67,2.2034000000000047,N%99(C)[C@H](CC(C)C)C(=O)N[C@H](CC(C)C)C(=O)N(C)[C@@H](Cc2ccccc2)C(=O)N3CCC[C@@H]3C(=O)N[C@H](CC(C)C)C(=O)N(C)[C@H]([C@H](O)C)C(=O)%99
80,(NMe)-D-Leu D-Leu (NMe)-D-Phe Pro Leu (NMe)-Thr ,726.4679983240018,159.67,2.2034000000000047,N%99(C)[C@H](CC(C)C)C(=O)N[C@H](CC(C)C)C(=O)N(C)[C@H](Cc2ccccc2)C(=O)N3CCC[C@H]3C(=O)N[C@@H](CC(C)C)C(=O)N(C)[C@@H]([C@H](O)C)C(=O)%99
81,(NMe)-D-Leu D-Leu (NMe)-D-Phe Pro Leu (NMe)-D-Thr ,726.4679983240018,159.67,2.2034000000000047,N%99(C)[C@H](CC(C)C)C(=O)N[C@H](CC(C)C)C(=O)N(C)[C@H](Cc2ccccc2)C(=O)N3CCC[C@H]3C(=O)N[C@@H](CC(C)C)C(=O)N(C)[C@H]([C@H](O)C)C(=O)%99
82,(NMe)-D-Leu D-Leu (NMe)-D-Phe Pro D-Leu (NMe)-Thr ,726.4679983240018,159.67,2.2034000000000047,N%99(C)[C@H](CC(C)C)C(=O)N[C@H](CC(C)C)C(=O)N(C)[C@H](Cc2ccccc2)C(=O)N3CCC[C@H]3C(=O)N[C@H](CC(C)C)C(=O)N(C)[C@@H]([C@H](O)C)C(=O)%99
83,(NMe)-D-Leu D-Leu (NMe)-D-Phe Pro D-Leu (NMe)-D-Thr ,726.4679983240018,159.67,2.2034000000000047,N%99(C)[C@H](CC(C)C)C(=O)N[C@H](CC(C)C)C(=O)N(C)[C@H](Cc2ccccc2)C(=O)N3CCC[C@H]3C(=O)N[C@H](CC(C)C)C(=O)N(C)[C@H]([C@H](O)C)C(=O)%99
84,(NMe)-D-Leu D-Leu (NMe)-D-Phe D-Pro Leu (NMe)-Thr ,726.4679983240018,159.67,2.2034000000000047,N%99(C)[C@H](CC(C)C)C(=O)N[C@H](CC(C)C)C(=O)N(C)[C@H](Cc2ccccc2)C(=O)N3CCC[C@@H]3C(=O)N[C@@H](CC(C)C)C(=O)N(C)[C@@H]([C@H](O)C)C(=O)%99
85,(NMe)-D-Leu D-Leu (NMe)-D-Phe D-Pro Leu (NMe)-D-Thr ,726.4679983240018,159.67,2.2034000000000047,N%99(C)[C@H](CC(C)C)C(=O)N[C@H](CC(C)C)C(=O)N(C)[C@H](Cc2ccccc2)C(=O)N3CCC[C@@H]3C(=O)N[C@@H](CC(C)C)C(=O)N(C)[C@H]([C@H](O)C)C(=O)%99
86,(NMe)-D-Leu D-Leu (NMe)-D-Phe D-Pro D-Leu (NMe)-Thr ,726.4679983240018,159.67,2.2034000000000047,N%99(C)[C@H](CC(C)C)C(=O)N[C@H](CC(C)C)C(=O)N(C)[C@H](Cc2ccccc2)C(=O)N3CCC[C@@H]3C(=O)N[C@H](CC(C)C)C(=O)N(C)[C@@H]([C@H](O)C)C(=O)%99
87,(NMe)-D-Leu D-Leu (NMe)-D-Phe D-Pro D-Leu (NMe)-D-Thr ,726.4679983240018,159.67,2.2034000000000047,N%99(C)[C@H](CC(C)C)C(=O)N[C@H](CC(C)C)C(=O)N(C)[C@H](Cc2ccccc2)C(=O)N3CCC[C@@H]3C(=O)N[C@H](CC(C)C)C(=O)N(C)[C@H]([C@H](O)C)C(=O)%99
88,(NMe)-D-Leu D-Leu N-dFBn Pro Leu (NMe)-Thr ,748.4335046360017,159.67,2.440700000000004,N%99(C)[C@H](CC(C)C)C(=O)N[C@H](CC(C)C)C(=O)N(Cc1c(F)cc(F)cc1)CC(=O)N3CCC[C@H]3C(=O)N[C@@H](CC(C)C)C(=O)N(C)[C@@H]([C@H](O)C)C(=O)%99
89,(NMe)-D-Leu D-Leu N-dFBn Pro Leu (NMe)-D-Thr ,748.4335046360017,159.67,2.440700000000004,N%99(C)[C@H](CC(C)C)C(=O)N[C@H](CC(C)C)C(=O)N(Cc1c(F)cc(F)cc1)CC(=O)N3CCC[C@H]3C(=O)N[C@@H](CC(C)C)C(=O)N(C)[C@H]([C@H](O)C)C(=O)%99
90,(NMe)-D-Leu D-Leu N-dFBn Pro D-Leu (NMe)-Thr ,748.4335046360017,159.67,2.440700000000004,N%99(C)[C@H](CC(C)C)C(=O)N[C@H](CC(C)C)C(=O)N(Cc1c(F)cc(F)cc1)CC(=O)N3CCC[C@H]3C(=O)N[C@H](CC(C)C)C(=O)N(C)[C@@H]([C@H](O)C)C(=O)%99
91,(NMe)-D-Leu D-Leu N-dFBn Pro D-Leu (NMe)-D-Thr ,748.4335046360017,159.67,2.440700000000004,N%99(C)[C@H](CC(C)C)C(=O)N[C@H](CC(C)C)C(=O)N(Cc1c(F)cc(F)cc1)CC(=O)N3CCC[C@H]3C(=O)N[C@H](CC(C)C)C(=O)N(C)[C@H]([C@H](O)C)C(=O)%99
92,(NMe)-D-Leu D-Leu N-dFBn D-Pro Leu (NMe)-Thr ,748.4335046360017,159.67,2.440700000000004,N%99(C)[C@H](CC(C)C)C(=O)N[C@H](CC(C)C)C(=O)N(Cc1c(F)cc(F)cc1)CC(=O)N3CCC[C@@H]3C(=O)N[C@@H](CC(C)C)C(=O)N(C)[C@@H]([C@H](O)C)C(=O)%99
93,(NMe)-D-Leu D-Leu N-dFBn D-Pro Leu (NMe)-D-Thr ,748.4335046360017,159.67,2.440700000000004,N%99(C)[C@H](CC(C)C)C(=O)N[C@H](CC(C)C)C(=O)N(Cc1c(F)cc(F)cc1)CC(=O)N3CCC[C@@H]3C(=O)N[C@@H](CC(C)C)C(=O)N(C)[C@H]([C@H](O)C)C(=O)%99
94,(NMe)-D-Leu D-Leu N-dFBn D-Pro D-Leu (NMe)-Thr ,748.4335046360017,159.67,2.440700000000004,N%99(C)[C@H](CC(C)C)C(=O)N[C@H](CC(C)C)C(=O)N(Cc1c(F)cc(F)cc1)CC(=O)N3CCC[C@@H]3C(=O)N[C@H](CC(C)C)C(=O)N(C)[C@@H]([C@H](O)C)C(=O)%99
95,(NMe)-D-Leu D-Leu N-dFBn D-Pro D-Leu (NMe)-D-Thr ,748.4335046360017,159.67,2.440700000000004,N%99(C)[C@H](CC(C)C)C(=O)N[C@H](CC(C)C)C(=O)N(Cc1c(F)cc(F)cc1)CC(=O)N3CCC[C@@H]3C(=O)N[C@H](CC(C)C)C(=O)N(C)[C@H]([C@H](O)C)C(=O)%99
96,N-iPr Leu (NMe)-Phe Pro Leu (NMe)-Thr ,712.4523482600017,159.67,1.8149000000000055,N%99(CC(C)(C))CC(=O)N[C@@H](CC(C)C)C(=O)N(C)[C@@H](Cc2ccccc2)C(=O)N3CCC[C@H]3C(=O)N[C@@H](CC(C)C)C(=O)N(C)[C@@H]([C@H](O)C)C(=O)%99
97,N-iPr Leu (NMe)-Phe Pro Leu (NMe)-D-Thr ,712.4523482600017,159.67,1.8149000000000055,N%99(CC(C)(C))CC(=O)N[C@@H](CC(C)C)C(=O)N(C)[C@@H](Cc2ccccc2)C(=O)N3CCC[C@H]3C(=O)N[C@@H](CC(C)C)C(=O)N(C)[C@H]([C@H](O)C)C(=O)%99
98,N-iPr Leu (NMe)-Phe Pro D-Leu (NMe)-Thr ,712.4523482600017,159.67,1.8149000000000055,N%99(CC(C)(C))CC(=O)N[C@@H](CC(C)C)C(=O)N(C)[C@@H](Cc2ccccc2)C(=O)N3CCC[C@H]3C(=O)N[C@H](CC(C)C)C(=O)N(C)[C@@H]([C@H](O)C)C(=O)%99
99,N-iPr Leu (NMe)-Phe Pro D-Leu (NMe)-D-Thr ,712.4523482600017,159.67,1.8149000000000055,N%99(CC(C)(C))CC(=O)N[C@@H](CC(C)C)C(=O)N(C)[C@@H](Cc2ccccc2)C(=O)N3CCC[C@H]3C(=O)N[C@H](CC(C)C)C(=O)N(C)[C@H]([C@H](O)C)C(=O)%99
100,N-iPr Leu (NMe)-Phe D-Pro Leu (NMe)-Thr ,712.4523482600017,159.67,1.8149000000000055,N%99(CC(C)(C))CC(=O)N[C@@H](CC(C)C)C(=O)N(C)[C@@H](Cc2ccccc2)C(=O)N3CCC[C@@H]3C(=O)N[C@@H](CC(C)C)C(=O)N(C)[C@@H]([C@H](O)C)C(=O)%99
101,N-iPr Leu (NMe)-Phe D-Pro Leu (NMe)-D-Thr ,712.4523482600017,159.67,1.8149000000000055,N%99(CC(C)(C))CC(=O)N[C@@H](CC(C)C)C(=O)N(C)[C@@H](Cc2ccccc2)C(=O)N3CCC[C@@H]3C(=O)N[C@@H](CC(C)C)C(=O)N(C)[C@H]([C@H](O)C)C(=O)%99
102,N-iPr Leu (NMe)-Phe D-Pro D-Leu (NMe)-Thr ,712.4523482600017,159.67,1.8149000000000055,N%99(CC(C)(C))CC(=O)N[C@@H](CC(C)C)C(=O)N(C)[C@@H](Cc2ccccc2)C(=O)N3CCC[C@@H]3C(=O)N[C@H](CC(C)C)C(=O)N(C)[C@@H]([C@H](O)C)C(=O)%99
103,N-iPr Leu (NMe)-Phe D-Pro D-Leu (NMe)-D-Thr ,712.4523482600017,159.67,1.8149000000000055,N%99(CC(C)(C))CC(=O)N[C@@H](CC(C)C)C(=O)N(C)[C@@H](Cc2ccccc2)C(=O)N3CCC[C@@H]3C(=O)N[C@H](CC(C)C)C(=O)N(C)[C@H]([C@H](O)C)C(=O)%99
104,N-iPr Leu (NMe)-D-Phe Pro Leu (NMe)-Thr ,712.4523482600017,159.67,1.8149000000000055,N%99(CC(C)(C))CC(=O)N[C@@H](CC(C)C)C(=O)N(C)[C@H](Cc2ccccc2)C(=O)N3CCC[C@H]3C(=O)N[C@@H](CC(C)C)C(=O)N(C)[C@@H]([C@H](O)C)C(=O)%99
105,N-iPr Leu (NMe)-D-Phe Pro Leu (NMe)-D-Thr ,712.4523482600017,159.67,1.8149000000000055,N%99(CC(C)(C))CC(=O)N[C@@H](CC(C)C)C(=O)N(C)[C@H](Cc2ccccc2)C(=O)N3CCC[C@H]3C(=O)N[C@@H](CC(C)C)C(=O)N(C)[C@H]([C@H](O)C)C(=O)%99
106,N-iPr Leu (NMe)-D-Phe Pro D-Leu (NMe)-Thr ,712.4523482600017,159.67,1.8149000000000055,N%99(CC(C)(C))CC(=O)N[C@@H](CC(C)C)C(=O)N(C)[C@H](Cc2ccccc2)C(=O)N3CCC[C@H]3C(=O)N[C@H](CC(C)C)C(=O)N(C)[C@@H]([C@H](O)C)C(=O)%99
107,N-iPr Leu (NMe)-D-Phe Pro D-Leu (NMe)-D-Thr ,712.4523482600017,159.67,1.8149000000000055,N%99(CC(C)(C))CC(=O)N[C@@H](CC(C)C)C(=O)N(C)[C@H](Cc2ccccc2)C(=O)N3CCC[C@H]3C(=O)N[C@H](CC(C)C)C(=O)N(C)[C@H]([C@H](O)C)C(=O)%99
108,N-iPr Leu (NMe)-D-Phe D-Pro Leu (NMe)-Thr ,712.4523482600017,159.67,1.8149000000000055,N%99(CC(C)(C))CC(=O)N[C@@H](CC(C)C)C(=O)N(C)[C@H](Cc2ccccc2)C(=O)N3CCC[C@@H]3C(=O)N[C@@H](CC(C)C)C(=O)N(C)[C@@H]([C@H](O)C)C(=O)%99
109,N-iPr Leu (NMe)-D-Phe D-Pro Leu (NMe)-D-Thr ,712.4523482600017,159.67,1.8149000000000055,N%99(CC(C)(C))CC(=O)N[C@@H](CC(C)C)C(=O)N(C)[C@H](Cc2ccccc2)C(=O)N3CCC[C@@H]3C(=O)N[C@@H](CC(C)C)C(=O)N(C)[C@H]([C@H](O)C)C(=O)%99
110,N-iPr Leu (NMe)-D-Phe D-Pro D-Leu (NMe)-Thr ,712.4523482600017,159.67,1.8149000000000055,N%99(CC(C)(C))CC(=O)N[C@@H](CC(C)C)C(=O)N(C)[C@H](Cc2ccccc2)C(=O)N3CCC[C@@H]3C(=O)N[C@H](CC(C)C)C(=O)N(C)[C@@H]([C@H](O)C)C(=O)%99
111,N-iPr Leu (NMe)-D-Phe D-Pro D-Leu (NMe)-D-Thr ,712.4523482600017,159.67,1.8149000000000055,N%99(CC(C)(C))CC(=O)N[C@@H](CC(C)C)C(=O)N(C)[C@H](Cc2ccccc2)C(=O)N3CCC[C@@H]3C(=O)N[C@H](CC(C)C)C(=O)N(C)[C@H]([C@H](O)C)C(=O)%99
112,N-iPr Leu N-dFBn Pro Leu (NMe)-Thr ,734.4178545720016,159.67,2.0522000000000036,N%99(CC(C)(C))CC(=O)N[C@@H](CC(C)C)C(=O)N(Cc1c(F)cc(F)cc1)CC(=O)N3CCC[C@H]3C(=O)N[C@@H](CC(C)C)C(=O)N(C)[C@@H]([C@H](O)C)C(=O)%99
113,N-iPr Leu N-dFBn Pro Leu (NMe)-D-Thr ,734.4178545720016,159.67,2.0522000000000036,N%99(CC(C)(C))CC(=O)N[C@@H](CC(C)C)C(=O)N(Cc1c(F)cc(F)cc1)CC(=O)N3CCC[C@H]3C(=O)N[C@@H](CC(C)C)C(=O)N(C)[C@H]([C@H](O)C)C(=O)%99
114,N-iPr Leu N-dFBn Pro D-Leu (NMe)-Thr ,734.4178545720016,159.67,2.0522000000000036,N%99(CC(C)(C))CC(=O)N[C@@H](CC(C)C)C(=O)N(Cc1c(F)cc(F)cc1)CC(=O)N3CCC[C@H]3C(=O)N[C@H](CC(C)C)C(=O)N(C)[C@@H]([C@H](O)C)C(=O)%99
115,N-iPr Leu N-dFBn Pro D-Leu (NMe)-D-Thr ,734.4178545720016,159.67,2.0522000000000036,N%99(CC(C)(C))CC(=O)N[C@@H](CC(C)C)C(=O)N(Cc1c(F)cc(F)cc1)CC(=O)N3CCC[C@H]3C(=O)N[C@H](CC(C)C)C(=O)N(C)[C@H]([C@H](O)C)C(=O)%99
116,N-iPr Leu N-dFBn D-Pro Leu (NMe)-Thr ,734.4178545720016,159.67,2.0522000000000036,N%99(CC(C)(C))CC(=O)N[C@@H](CC(C)C)C(=O)N(Cc1c(F)cc(F)cc1)CC(=O)N3CCC[C@@H]3C(=O)N[C@@H](CC(C)C)C(=O)N(C)[C@@H]([C@H](O)C)C(=O)%99
117,N-iPr Leu N-dFBn D-Pro Leu (NMe)-D-Thr ,734.4178545720016,159.67,2.0522000000000036,N%99(CC(C)(C))CC(=O)N[C@@H](CC(C)C)C(=O)N(Cc1c(F)cc(F)cc1)CC(=O)N3CCC[C@@H]3C(=O)N[C@@H](CC(C)C)C(=O)N(C)[C@H]([C@H](O)C)C(=O)%99
118,N-iPr Leu N-dFBn D-Pro D-Leu (NMe)-Thr ,734.4178545720016,159.67,2.0522000000000036,N%99(CC(C)(C))CC(=O)N[C@@H](CC(C)C)C(=O)N(Cc1c(F)cc(F)cc1)CC(=O)N3CCC[C@@H]3C(=O)N[C@H](CC(C)C)C(=O)N(C)[C@@H]([C@H](O)C)C(=O)%99
119,N-iPr Leu N-dFBn D-Pro D-Leu (NMe)-D-Thr ,734.4178545720016,159.67,2.0522000000000036,N%99(CC(C)(C))CC(=O)N[C@@H](CC(C)C)C(=O)N(Cc1c(F)cc(F)cc1)CC(=O)N3CCC[C@@H]3C(=O)N[C@H](CC(C)C)C(=O)N(C)[C@H]([C@H](O)C)C(=O)%99
120,N-iPr D-Leu (NMe)-Phe Pro Leu (NMe)-Thr ,712.4523482600017,159.67,1.8149000000000055,N%99(CC(C)(C))CC(=O)N[C@H](CC(C)C)C(=O)N(C)[C@@H](Cc2ccccc2)C(=O)N3CCC[C@H]3C(=O)N[C@@H](CC(C)C)C(=O)N(C)[C@@H]([C@H](O)C)C(=O)%99
121,N-iPr D-Leu (NMe)-Phe Pro Leu (NMe)-D-Thr ,712.4523482600017,159.67,1.8149000000000055,N%99(CC(C)(C))CC(=O)N[C@H](CC(C)C)C(=O)N(C)[C@@H](Cc2ccccc2)C(=O)N3CCC[C@H]3C(=O)N[C@@H](CC(C)C)C(=O)N(C)[C@H]([C@H](O)C)C(=O)%99
122,N-iPr D-Leu (NMe)-Phe Pro D-Leu (NMe)-Thr ,712.4523482600017,159.67,1.8149000000000055,N%99(CC(C)(C))CC(=O)N[C@H](CC(C)C)C(=O)N(C)[C@@H](Cc2ccccc2)C(=O)N3CCC[C@H]3C(=O)N[C@H](CC(C)C)C(=O)N(C)[C@@H]([C@H](O)C)C(=O)%99
123,N-iPr D-Leu (NMe)-Phe Pro D-Leu (NMe)-D-Thr ,712.4523482600017,159.67,1.8149000000000055,N%99(CC(C)(C))CC(=O)N[C@H](CC(C)C)C(=O)N(C)[C@@H](Cc2ccccc2)C(=O)N3CCC[C@H]3C(=O)N[C@H](CC(C)C)C(=O)N(C)[C@H]([C@H](O)C)C(=O)%99
124,N-iPr D-Leu (NMe)-Phe D-Pro Leu (NMe)-Thr ,712.4523482600017,159.67,1.8149000000000055,N%99(CC(C)(C))CC(=O)N[C@H](CC(C)C)C(=O)N(C)[C@@H](Cc2ccccc2)C(=O)N3CCC[C@@H]3C(=O)N[C@@H](CC(C)C)C(=O)N(C)[C@@H]([C@H](O)C)C(=O)%99
125,N-iPr D-Leu (NMe)-Phe D-Pro Leu (NMe)-D-Thr ,712.4523482600017,159.67,1.8149000000000055,N%99(CC(C)(C))CC(=O)N[C@H](CC(C)C)C(=O)N(C)[C@@H](Cc2ccccc2)C(=O)N3CCC[C@@H]3C(=O)N[C@@H](CC(C)C)C(=O)N(C)[C@H]([C@H](O)C)C(=O)%99
126,N-iPr D-Leu (NMe)-Phe D-Pro D-Leu (NMe)-Thr ,712.4523482600017,159.67,1.8149000000000055,N%99(CC(C)(C))CC(=O)N[C@H](CC(C)C)C(=O)N(C)[C@@H](Cc2ccccc2)C(=O)N3CCC[C@@H]3C(=O)N[C@H](CC(C)C)C(=O)N(C)[C@@H]([C@H](O)C)C(=O)%99
127,N-iPr D-Leu (NMe)-Phe D-Pro D-Leu (NMe)-D-Thr ,712.4523482600017,159.67,1.8149000000000055,N%99(CC(C)(C))CC(=O)N[C@H](CC(C)C)C(=O)N(C)[C@@H](Cc2ccccc2)C(=O)N3CCC[C@@H]3C(=O)N[C@H](CC(C)C)C(=O)N(C)[C@H]([C@H](O)C)C(=O)%99
128,N-iPr D-Leu (NMe)-D-Phe Pro Leu (NMe)-Thr ,712.4523482600017,159.67,1.8149000000000055,N%99(CC(C)(C))CC(=O)N[C@H](CC(C)C)C(=O)N(C)[C@H](Cc2ccccc2)C(=O)N3CCC[C@H]3C(=O)N[C@@H](CC(C)C)C(=O)N(C)[C@@H]([C@H](O)C)C(=O)%99
129,N-iPr D-Leu (NMe)-D-Phe Pro Leu (NMe)-D-Thr ,712.4523482600017,159.67,1.8149000000000055,N%99(CC(C)(C))CC(=O)N[C@H](CC(C)C)C(=O)N(C)[C@H](Cc2ccccc2)C(=O)N3CCC[C@H]3C(=O)N[C@@H](CC(C)C)C(=O)N(C)[C@H]([C@H](O)C)C(=O)%99
130,N-iPr D-Leu (NMe)-D-Phe Pro D-Leu (NMe)-Thr ,712.4523482600017,159.67,1.8149000000000055,N%99(CC(C)(C))CC(=O)N[C@H](CC(C)C)C(=O)N(C)[C@H](Cc2ccccc2)C(=O)N3CCC[C@H]3C(=O)N[C@H](CC(C)C)C(=O)N(C)[C@@H]([C@H](O)C)C(=O)%99
131,N-iPr D-Leu (NMe)-D-Phe Pro D-Leu (NMe)-D-Thr ,712.4523482600017,159.67,1.8149000000000055,N%99(CC(C)(C))CC(=O)N[C@H](CC(C)C)C(=O)N(C)[C@H](Cc2ccccc2)C(=O)N3CCC[C@H]3C(=O)N[C@H](CC(C)C)C(=O)N(C)[C@H]([C@H](O)C)C(=O)%99
132,N-iPr D-Leu (NMe)-D-Phe D-Pro Leu (NMe)-Thr ,712.4523482600017,159.67,1.8149000000000055,N%99(CC(C)(C))CC(=O)N[C@H](CC(C)C)C(=O)N(C)[C@H](Cc2ccccc2)C(=O)N3CCC[C@@H]3C(=O)N[C@@H](CC(C)C)C(=O)N(C)[C@@H]([C@H](O)C)C(=O)%99
133,N-iPr D-Leu (NMe)-D-Phe D-Pro Leu (NMe)-D-Thr ,712.4523482600017,159.67,1.8149000000000055,N%99(CC(C)(C))CC(=O)N[C@H](CC(C)C)C(=O)N(C)[C@H](Cc2ccccc2)C(=O)N3CCC[C@@H]3C(=O)N[C@@H](CC(C)C)C(=O)N(C)[C@H]([C@H](O)C)C(=O)%99
134,N-iPr D-Leu (NMe)-D-Phe D-Pro D-Leu (NMe)-Thr ,712.4523482600017,159.67,1.8149000000000055,N%99(CC(C)(C))CC(=O)N[C@H](CC(C)C)C(=O)N(C)[C@H](Cc2ccccc2)C(=O)N3CCC[C@@H]3C(=O)N[C@H](CC(C)C)C(=O)N(C)[C@@H]([C@H](O)C)C(=O)%99
135,N-iPr D-Leu (NMe)-D-Phe D-Pro D-Leu (NMe)-D-Thr ,712.4523482600017,159.67,1.8149000000000055,N%99(CC(C)(C))CC(=O)N[C@H](CC(C)C)C(=O)N(C)[C@H](Cc2ccccc2)C(=O)N3CCC[C@@H]3C(=O)N[C@H](CC(C)C)C(=O)N(C)[C@H]([C@H](O)C)C(=O)%99
136,N-iPr D-Leu N-dFBn Pro Leu (NMe)-Thr ,734.4178545720016,159.67,2.0522000000000036,N%99(CC(C)(C))CC(=O)N[C@H](CC(C)C)C(=O)N(Cc1c(F)cc(F)cc1)CC(=O)N3CCC[C@H]3C(=O)N[C@@H](CC(C)C)C(=O)N(C)[C@@H]([C@H](O)C)C(=O)%99
137,N-iPr D-Leu N-dFBn Pro Leu (NMe)-D-Thr ,734.4178545720016,159.67,2.0522000000000036,N%99(CC(C)(C))CC(=O)N[C@H](CC(C)C)C(=O)N(Cc1c(F)cc(F)cc1)CC(=O)N3CCC[C@H]3C(=O)N[C@@H](CC(C)C)C(=O)N(C)[C@H]([C@H](O)C)C(=O)%99
138,N-iPr D-Leu N-dFBn Pro D-Leu (NMe)-Thr ,734.4178545720016,159.67,2.0522000000000036,N%99(CC(C)(C))CC(=O)N[C@H](CC(C)C)C(=O)N(Cc1c(F)cc(F)cc1)CC(=O)N3CCC[C@H]3C(=O)N[C@H](CC(C)C)C(=O)N(C)[C@@H]([C@H](O)C)C(=O)%99
139,N-iPr D-Leu N-dFBn Pro D-Leu (NMe)-D-Thr ,734.4178545720016,159.67,2.0522000000000036,N%99(CC(C)(C))CC(=O)N[C@H](CC(C)C)C(=O)N(Cc1c(F)cc(F)cc1)CC(=O)N3CCC[C@H]3C(=O)N[C@H](CC(C)C)C(=O)N(C)[C@H]([C@H](O)C)C(=O)%99
140,N-iPr D-Leu N-dFBn D-Pro Leu (NMe)-Thr ,734.4178545720016,159.67,2.0522000000000036,N%99(CC(C)(C))CC(=O)N[C@H](CC(C)C)C(=O)N(Cc1c(F)cc(F)cc1)CC(=O)N3CCC[C@@H]3C(=O)N[C@@H](CC(C)C)C(=O)N(C)[C@@H]([C@H](O)C)C(=O)%99
141,N-iPr D-Leu N-dFBn D-Pro Leu (NMe)-D-Thr ,734.4178545720016,159.67,2.0522000000000036,N%99(CC(C)(C))CC(=O)N[C@H](CC(C)C)C(=O)N(Cc1c(F)cc(F)cc1)CC(=O)N3CCC[C@@H]3C(=O)N[C@@H](CC(C)C)C(=O)N(C)[C@H]([C@H](O)C)C(=O)%99
142,N-iPr D-Leu N-dFBn D-Pro D-Leu (NMe)-Thr ,734.4178545720016,159.67,2.0522000000000036,N%99(CC(C)(C))CC(=O)N[C@H](CC(C)C)C(=O)N(Cc1c(F)cc(F)cc1)CC(=O)N3CCC[C@@H]3C(=O)N[C@H](CC(C)C)C(=O)N(C)[C@@H]([C@H](O)C)C(=O)%99
143,N-iPr D-Leu N-dFBn D-Pro D-Leu (NMe)-D-Thr ,734.4178545720016,159.67,2.0522000000000036,N%99(CC(C)(C))CC(=O)N[C@H](CC(C)C)C(=O)N(Cc1c(F)cc(F)cc1)CC(=O)N3CCC[C@@H]3C(=O)N[C@H](CC(C)C)C(=O)N(C)[C@H]([C@H](O)C)C(=O)%99
