No.,SMILE,Alias,MW,R2,R3,R4,ALogP_86,PAMPA %R,PAMPA Papp  (x10-6cm/s),PAMPA Papp SD (x10-6cm/s),logDdec/w,logDoct/w
1,N21[C@H](CCC1)C(=O)N(CC)CC(=O)N[C@@H](C)C(=O)N(CCOC)CC(=O)N(C)[C@@H](CC(C)C)C(=O)N[C@@H](CCCC)C2=O,Sub01-01,608.76988,LA01,Ala,LA04,0.117,91.57928335,0.073996715,0.008180696,-1.521099712,1.477146889
6,N21[C@H](CCC1)C(=O)N(CC)CC(=O)N[C@@H](CC(C)C)C(=O)N(CCOC)CC(=O)N(C)[C@@H](CC(C)C)C(=O)N[C@@H](CCCC)C2=O,Sub01-06,650.84962,LA01,Leu,LA04,1.348,86.70232954,2.814412775,0.23277643,0.159582914,2.447803361
14,N31[C@H](CCC1)C(=O)N(CC)CC(=O)N[C@@H](Cc2ccccc2)C(=O)N(CCOC)CC(=O)N(C)[C@@H](CC(C)C)C(=O)N[C@@H](CCCC)C3=O,Sub01-14,684.86584,LA01,Phe,LA04,1.673,77.03321246,3.945823687,0.343284427,0.524572842,2.610796129
27,N41[C@H](CCC1)C(=O)N(CC)CC(=O)N[C@@H](Cc2ccc3ccccc3c2)C(=O)N(CCOC)CC(=O)N(C)[C@@H](CC(C)C)C(=O)N[C@@H](CCCC)C4=O,Sub01-27,734.92452,LA01,Nal,LA04,2.581,,,,,2.875456793
41,N21[C@H](CCC1)C(=O)N(CCC)CC(=O)N[C@@H](C)C(=O)N(CCOC)CC(=O)N(C)[C@@H](CC(C)C)C(=O)N[C@@H](CCCC)C2=O,Sub02-01,622.79646,LA02,Ala,LA04,0.64,92.77026789,0.277088601,0.024793391,-0.954304632,1.960701838
46,N21[C@H](CCC1)C(=O)N(CCC)CC(=O)N[C@@H](CC(C)C)C(=O)N(CCOC)CC(=O)N(C)[C@@H](CC(C)C)C(=O)N[C@@H](CCCC)C2=O,Sub02-06,664.8762,LA02,Leu,LA04,1.872,84.56949163,6.910378902,0.221354078,0.865350822,2.880643414
54,N31[C@H](CCC1)C(=O)N(CCC)CC(=O)N[C@@H](Cc2ccccc2)C(=O)N(CCOC)CC(=O)N(C)[C@@H](CC(C)C)C(=O)N[C@@H](CCCC)C3=O,Sub02-14,698.89242,LA02,Phe,LA04,2.196,61.08058993,7.57030473,0.137091215,1.218076393,3.167706451
67,N41[C@H](CCC1)C(=O)N(CCC)CC(=O)N[C@@H](Cc2ccc3ccccc3c2)C(=O)N(CCOC)CC(=O)N(C)[C@@H](CC(C)C)C(=O)N[C@@H](CCCC)C4=O,Sub02-27,748.9511,LA02,Nal,LA04,3.105,,,,,3.373251766
81,N21[C@H](CCC1)C(=O)N(CC(C)C)CC(=O)N[C@@H](C)C(=O)N(CCOC)CC(=O)N(C)[C@@H](CC(C)C)C(=O)N[C@@H](CCCC)C2=O,Sub03-01,636.82304,LA03,Ala,LA04,0.96,93.59090174,0.840949912,0.067501488,-0.297500387,2.166170167
86,N21[C@H](CCC1)C(=O)N(CC(C)C)CC(=O)N[C@@H](CC(C)C)C(=O)N(CCOC)CC(=O)N(C)[C@@H](CC(C)C)C(=O)N[C@@H](CCCC)C2=O,Sub03-06,678.90278,LA03,Leu,LA04,2.191,59.61825731,9.772488017,0.841961045,1.344100153,2.546828054
94,N31[C@H](CCC1)C(=O)N(CC(C)C)CC(=O)N[C@@H](Cc2ccccc2)C(=O)N(CCOC)CC(=O)N(C)[C@@H](CC(C)C)C(=O)N[C@@H](CCCC)C3=O,Sub03-14,712.919,LA03,Phe,LA04,2.515,36.28910595,8.808053956,1.015866428,1.66385292,2.63899335
107,N41[C@H](CCC1)C(=O)N(CC(C)C)CC(=O)N[C@@H](Cc2ccc3ccccc3c2)C(=O)N(CCOC)CC(=O)N(C)[C@@H](CC(C)C)C(=O)N[C@@H](CCCC)C4=O,Sub03-27,762.97768,LA03,Nal,LA04,3.424,,,,,2.866255022
121,N21[C@H](CCC1)C(=O)N(CCCOC(C)C)CC(=O)N[C@@H](C)C(=O)N(CCOC)CC(=O)N(C)[C@@H](CC(C)C)C(=O)N[C@@H](CCCC)C2=O,Sub04-01,680.8756,LA13,Ala,LA04,0.426,93.34468974,0.476362927,0.029532462,-0.553976074,2.348623533
126,N21[C@H](CCC1)C(=O)N(CCCOC(C)C)CC(=O)N[C@@H](CC(C)C)C(=O)N(CCOC)CC(=O)N(C)[C@@H](CC(C)C)C(=O)N[C@@H](CCCC)C2=O,Sub04-06,722.95534,LA13,Leu,LA04,1.657,70.54954116,8.853142274,0.595559523,1.155273434,
134,N31[C@H](CCC1)C(=O)N(CCCOC(C)C)CC(=O)N[C@@H](Cc2ccccc2)C(=O)N(CCOC)CC(=O)N(C)[C@@H](CC(C)C)C(=O)N[C@@H](CCCC)C3=O,Sub04-14,756.97156,LA13,Phe,LA04,1.981,50.08615538,8.321319168,0.568082439,1.386424832,3.29854634
147,N41[C@H](CCC1)C(=O)N(CCCOC(C)C)CC(=O)N[C@@H](Cc2ccc3ccccc3c2)C(=O)N(CCOC)CC(=O)N(C)[C@@H](CC(C)C)C(=O)N[C@@H](CCCC)C4=O,Sub04-27,807.03024,LA13,Nal,LA04,2.89,,,,,3.6007225
161,N31[C@H](CCC1)C(=O)N(CCN2CCOCC2)CC(=O)N[C@@H](C)C(=O)N(CCOC)CC(=O)N(C)[C@@H](CC(C)C)C(=O)N[C@@H](CCCC)C3=O,Sub05-01,693.87436,LA16,Ala,LA04,-0.406,,,,,
166,N31[C@H](CCC1)C(=O)N(CCN2CCOCC2)CC(=O)N[C@@H](CC(C)C)C(=O)N(CCOC)CC(=O)N(C)[C@@H](CC(C)C)C(=O)N[C@@H](CCCC)C3=O,Sub05-06,735.9541,LA16,Leu,LA04,0.826,104.0397989,0.231477829,0.03919425,-0.84880836,2.121121704
174,N41[C@H](CCC1)C(=O)N(CCN2CCOCC2)CC(=O)N[C@@H](Cc3ccccc3)C(=O)N(CCOC)CC(=O)N(C)[C@@H](CC(C)C)C(=O)N[C@@H](CCCC)C4=O,Sub05-14,769.97032,LA16,Phe,LA04,1.15,100.1039496,0.415956666,0.084713796,-0.323888906,2.425759085
187,N51[C@H](CCC1)C(=O)N(CCN2CCOCC2)CC(=O)N[C@@H](Cc3ccc4ccccc4c3)C(=O)N(CCOC)CC(=O)N(C)[C@@H](CC(C)C)C(=O)N[C@@H](CCCC)C5=O,Sub05-27,820.029,LA16,Nal,LA04,2.059,,,,,2.982881468
201,N31[C@H](CCC1)C(=O)N(Cc2ccc(Cl)cc2)CC(=O)N[C@@H](C)C(=O)N(CCOC)CC(=O)N(C)[C@@H](CC(C)C)C(=O)N[C@@H](CCCC)C3=O,Sub06-01,705.28432,LA20,Ala,LA04,2.016,66.43321411,5.605316025,0.414943916,1.01170779,3.121715685
206,N31[C@H](CCC1)C(=O)N(Cc2ccc(Cl)cc2)CC(=O)N[C@@H](CC(C)C)C(=O)N(CCOC)CC(=O)N(C)[C@@H](CC(C)C)C(=O)N[C@@H](CCCC)C3=O,Sub06-06,747.36406,LA20,Leu,LA04,3.247,12.70834837,4.555128899,0.494695164,2.50917891,3.301880633
214,N41[C@H](CCC1)C(=O)N(Cc2ccc(Cl)cc2)CC(=O)N[C@@H](Cc3ccccc3)C(=O)N(CCOC)CC(=O)N(C)[C@@H](CC(C)C)C(=O)N[C@@H](CCCC)C4=O,Sub06-14,781.38028,LA20,Phe,LA04,3.572,13.57030848,1.140326876,0.228255615,2.714123626,3.380920061
227,N51[C@H](CCC1)C(=O)N(Cc2ccc(Cl)cc2)CC(=O)N[C@@H](Cc3ccc4ccccc4c3)C(=O)N(CCOC)CC(=O)N(C)[C@@H](CC(C)C)C(=O)N[C@@H](CCCC)C5=O,Sub06-27,831.43896,LA20,Nal,LA04,4.48,,,,,2.21075334
241,N31[C@H](CCC1)C(=O)N(CCCCc2ccccc2)CC(=O)N[C@@H](C)C(=O)N(CCOC)CC(=O)N(C)[C@@H](CC(C)C)C(=O)N[C@@H](CCCC)C3=O,Sub07-01,712.919,LA23,Ala,LA04,2.585,49.72806071,6.514987258,0.762588077,1.356473097,3.043817782
246,N31[C@H](CCC1)C(=O)N(CCCCc2ccccc2)CC(=O)N[C@@H](CC(C)C)C(=O)N(CCOC)CC(=O)N(C)[C@@H](CC(C)C)C(=O)N[C@@H](CCCC)C3=O,Sub07-06,754.99874,LA23,Leu,LA04,3.817,,,,,2.915929795
254,N41[C@H](CCC1)C(=O)N(CCCCc2ccccc2)CC(=O)N[C@@H](Cc3ccccc3)C(=O)N(CCOC)CC(=O)N(C)[C@@H](CC(C)C)C(=O)N[C@@H](CCCC)C4=O,Sub07-14,789.01496,LA23,Phe,LA04,4.141,,,,,
267,N51[C@H](CCC1)C(=O)N(CCCCc2ccccc2)CC(=O)N[C@@H](Cc3ccc4ccccc4c3)C(=O)N(CCOC)CC(=O)N(C)[C@@H](CC(C)C)C(=O)N[C@@H](CCCC)C5=O,Sub07-27,839.07364,LA23,Nal,LA04,5.049,,,,,3.144786366
281,N41[C@H](CCC1)C(=O)N(Cc2ccc3OCOc3c2)CC(=O)N[C@@H](C)C(=O)N(CCOC)CC(=O)N(C)[C@@H](CC(C)C)C(=O)N[C@@H](CCCC)C4=O,Sub08-01,714.84876,LA24,Ala,LA04,1.119,79.77504488,1.170754616,0.08663115,0.003585595,2.717794292
286,N41[C@H](CCC1)C(=O)N(Cc2ccc3OCOc3c2)CC(=O)N[C@@H](CC(C)C)C(=O)N(CCOC)CC(=O)N(C)[C@@H](CC(C)C)C(=O)N[C@@H](CCCC)C4=O,Sub08-06,756.9285,LA24,Leu,LA04,2.351,27.05123601,9.105021304,1.280352045,1.548674374,3.109216253
294,N51[C@H](CCC1)C(=O)N(Cc2ccc3OCOc3c2)CC(=O)N[C@@H](Cc4ccccc4)C(=O)N(CCOC)CC(=O)N(C)[C@@H](CC(C)C)C(=O)N[C@@H](CCCC)C5=O,Sub08-14,790.94472,LA24,Phe,LA04,2.675,15.25644599,4.317038584,0.677136055,1.900368301,3.152958478
307,N61[C@H](CCC1)C(=O)N(Cc2ccc3OCOc3c2)CC(=O)N[C@@H](Cc4ccc5ccccc5c4)C(=O)N(CCOC)CC(=O)N(C)[C@@H](CC(C)C)C(=O)N[C@@H](CCCC)C6=O,Sub08-27,841.0034,LA24,Nal,LA04,3.584,,,,,3.192553832
321,N31[C@H](CCC1)C(=O)N(Cc2noc(CC(C)C)c2)CC(=O)N[C@@H](C)C(=O)N(CCOC)CC(=O)N(C)[C@@H](CC(C)C)C(=O)N[C@@H](CCCC)C3=O,Sub09-01,717.89576,LA27,Ala,LA04,1.541,83.53277183,2.994151836,0.300041119,0.768653977,2.845159403
326,N31[C@H](CCC1)C(=O)N(Cc2noc(CC(C)C)c2)CC(=O)N[C@@H](CC(C)C)C(=O)N(CCOC)CC(=O)N(C)[C@@H](CC(C)C)C(=O)N[C@@H](CCCC)C3=O,Sub09-06,759.9755,LA27,Leu,LA04,2.773,14.09027563,7.769858832,1.217136626,2.409232729,2.851122803
334,N41[C@H](CCC1)C(=O)N(Cc2noc(CC(C)C)c2)CC(=O)N[C@@H](Cc3ccccc3)C(=O)N(CCOC)CC(=O)N(C)[C@@H](CC(C)C)C(=O)N[C@@H](CCCC)C4=O,Sub09-14,793.99172,LA27,Phe,LA04,3.097,7.472794605,4.210486732,0.646663031,2.620059215,2.82491265
347,N51[C@H](CCC1)C(=O)N(Cc2noc(CC(C)C)c2)CC(=O)N[C@@H](Cc3ccc4ccccc4c3)C(=O)N(CCOC)CC(=O)N(C)[C@@H](CC(C)C)C(=O)N[C@@H](CCCC)C5=O,Sub09-27,844.0504,LA27,Nal,LA04,4.005,,,,,1.290516564
361,N31[C@H](CCC1)C(=O)N(Cc2ccccc2Cn1cccn1)CC(=O)N[C@@H](C)C(=O)N(CCOC)CC(=O)N(C)[C@@H](CC(C)C)C(=O)N[C@@H](CCCC)C3=O,Sub10-01,750.92722,LA33,Ala,LA04,1.585,94.55061294,0.311898092,0.016982851,-0.495233397,2.554088435
366,N31[C@H](CCC1)C(=O)N(Cc2ccccc2Cn1cccn1)CC(=O)N[C@@H](CC(C)C)C(=O)N(CCOC)CC(=O)N(C)[C@@H](CC(C)C)C(=O)N[C@@H](CCCC)C3=O,Sub10-06,793.00696,LA33,Leu,LA04,2.816,67.41237754,5.955551924,0.49358196,1.121370145,2.918788544
374,N41[C@H](CCC1)C(=O)N(Cc2ccccc2Cn1cccn1)CC(=O)N[C@@H](Cc3ccccc3)C(=O)N(CCOC)CC(=O)N(C)[C@@H](CC(C)C)C(=O)N[C@@H](CCCC)C4=O,Sub10-14,827.02318,LA33,Phe,LA04,3.141,37.38897858,5.551013773,0.576001933,1.433721969,3.152247503
387,N51[C@H](CCC1)C(=O)N(Cc2ccccc2Cn1cccn1)CC(=O)N[C@@H](Cc3ccc4ccccc4c3)C(=O)N(CCOC)CC(=O)N(C)[C@@H](CC(C)C)C(=O)N[C@@H](CCCC)C5=O,Sub10-27,877.08186,LA33,Nal,LA04,4.049,,,,,2.835304294
2,N21[C@H](CCC1)C(=O)N(CC)CC(=O)N[C@@H](C)C(=O)N(CCCCC)CC(=O)N(C)[C@@H](CC(C)C)C(=O)N[C@@H](CCCC)C2=O,Sub01-02,620.82364,LA01,Ala,LA05,2.032,89.2121681,4.768019368,0.421089714,0.368535855,2.564163768
8,N21[C@H](CCC1)C(=O)N(CC)CC(=O)N[C@@H](CC(C)C)C(=O)N(CCCCC)CC(=O)N(C)[C@@H](CC(C)C)C(=O)N[C@@H](CCCC)C2=O,Sub01-08,662.90338,LA01,Leu,LA05,3.264,28.67998878,11.49700598,0.414872028,2.028343424,2.828144063
17,N31[C@H](CCC1)C(=O)N(CC)CC(=O)N[C@@H](Cc2ccccc2)C(=O)N(CCCCC)CC(=O)N(C)[C@@H](CC(C)C)C(=O)N[C@@H](CCCC)C3=O,Sub01-17,696.9196,LA01,Phe,LA05,3.588,15.80448036,7.938421052,0.271173442,2.259741978,2.790722131
30,N41[C@H](CCC1)C(=O)N(CC)CC(=O)N[C@@H](Cc2ccc3ccccc3c2)C(=O)N(CCCCC)CC(=O)N(C)[C@@H](CC(C)C)C(=O)N[C@@H](CCCC)C4=O,Sub01-30,746.97828,LA01,Nal,LA05,4.497,6.786088773,0.320037987,0.126214477,3.162604965,0.182166543
42,N21[C@H](CCC1)C(=O)N(CCC)CC(=O)N[C@@H](C)C(=O)N(CCCCC)CC(=O)N(C)[C@@H](CC(C)C)C(=O)N[C@@H](CCCC)C2=O,Sub02-02,634.85022,LA02,Ala,LA05,2.556,83.08311365,8.920485072,0.061333956,1.059488254,3.0712325
48,N21[C@H](CCC1)C(=O)N(CCC)CC(=O)N[C@@H](CC(C)C)C(=O)N(CCCCC)CC(=O)N(C)[C@@H](CC(C)C)C(=O)N[C@@H](CCCC)C2=O,Sub02-08,676.92996,LA02,Leu,LA05,3.788,16.02104181,5.851621616,0.702743968,2.583450416,3.315312837
57,N31[C@H](CCC1)C(=O)N(CCC)CC(=O)N[C@@H](Cc2ccccc2)C(=O)N(CCCCC)CC(=O)N(C)[C@@H](CC(C)C)C(=O)N[C@@H](CCCC)C3=O,Sub02-17,710.94618,LA02,Phe,LA05,4.112,10.79740201,2.748101475,0.417915122,2.618164742,3.290922562
70,N41[C@H](CCC1)C(=O)N(CCC)CC(=O)N[C@@H](Cc2ccc3ccccc3c2)C(=O)N(CCCCC)CC(=O)N(C)[C@@H](CC(C)C)C(=O)N[C@@H](CCCC)C4=O,Sub02-30,761.00486,LA02,Nal,LA05,5.02,11.03154625,0.063230515,0.043043215,2.741208637,
82,N21[C@H](CCC1)C(=O)N(CC(C)C)CC(=O)N[C@@H](C)C(=O)N(CCCCC)CC(=O)N(C)[C@@H](CC(C)C)C(=O)N[C@@H](CCCC)C2=O,Sub03-02,648.8768,LA03,Ala,LA05,2.875,70.9897044,12.551398,1.150284178,1.499616096,2.646644823
88,N21[C@H](CCC1)C(=O)N(CC(C)C)CC(=O)N[C@@H](CC(C)C)C(=O)N(CCCCC)CC(=O)N(C)[C@@H](CC(C)C)C(=O)N[C@@H](CCCC)C2=O,Sub03-08,690.95654,LA03,Leu,LA05,4.107,11.56519625,2.880664241,0.478276376,3.291891024,2.745924022
97,N31[C@H](CCC1)C(=O)N(CC(C)C)CC(=O)N[C@@H](Cc2ccccc2)C(=O)N(CCCCC)CC(=O)N(C)[C@@H](CC(C)C)C(=O)N[C@@H](CCCC)C3=O,Sub03-17,724.97276,LA03,Phe,LA05,4.431,11.23743268,1.062071171,0.141730072,3.413871826,2.820956249
110,N41[C@H](CCC1)C(=O)N(CC(C)C)CC(=O)N[C@@H](Cc2ccc3ccccc3c2)C(=O)N(CCCCC)CC(=O)N(C)[C@@H](CC(C)C)C(=O)N[C@@H](CCCC)C4=O,Sub03-30,775.03144,LA03,Nal,LA05,5.34,,,,,
122,N21[C@H](CCC1)C(=O)N(CCCOC(C)C)CC(=O)N[C@@H](C)C(=O)N(CCCCC)CC(=O)N(C)[C@@H](CC(C)C)C(=O)N[C@@H](CCCC)C2=O,Sub04-02,692.92936,LA13,Ala,LA05,2.341,71.58896612,13.0743767,0.933266127,1.345345444,3.29422326
128,N21[C@H](CCC1)C(=O)N(CCCOC(C)C)CC(=O)N[C@@H](CC(C)C)C(=O)N(CCCCC)CC(=O)N(C)[C@@H](CC(C)C)C(=O)N[C@@H](CCCC)C2=O,Sub04-08,735.0091,LA13,Leu,LA05,3.573,10.05241413,5.757156715,0.45598911,2.89300049,3.517798535
137,N31[C@H](CCC1)C(=O)N(CCCOC(C)C)CC(=O)N[C@@H](Cc2ccccc2)C(=O)N(CCCCC)CC(=O)N(C)[C@@H](CC(C)C)C(=O)N[C@@H](CCCC)C3=O,Sub04-17,769.02532,LA13,Phe,LA05,3.897,7.689632342,3.353892654,0.512449056,2.883198044,3.058309967
150,N41[C@H](CCC1)C(=O)N(CCCOC(C)C)CC(=O)N[C@@H](Cc2ccc3ccccc3c2)C(=O)N(CCCCC)CC(=O)N(C)[C@@H](CC(C)C)C(=O)N[C@@H](CCCC)C4=O,Sub04-30,819.084,LA13,Nal,LA05,4.806,7.780668494,0.064318173,0.033499916,3.131177141,
162,N31[C@H](CCC1)C(=O)N(CCN2CCOCC2)CC(=O)N[C@@H](C)C(=O)N(CCCCC)CC(=O)N(C)[C@@H](CC(C)C)C(=O)N[C@@H](CCCC)C3=O,Sub05-02,705.92812,LA16,Ala,LA05,1.51,102.9932874,0.376714116,0.042902059,-0.62797236,2.4066988
168,N31[C@H](CCC1)C(=O)N(CCN2CCOCC2)CC(=O)N[C@@H](CC(C)C)C(=O)N(CCCCC)CC(=O)N(C)[C@@H](CC(C)C)C(=O)N[C@@H](CCCC)C3=O,Sub05-08,748.00786,LA16,Leu,LA05,2.742,52.59709737,5.336316009,0.676615884,0.871225734,3.066260063
177,N41[C@H](CCC1)C(=O)N(CCN2CCOCC2)CC(=O)N[C@@H](Cc3ccccc3)C(=O)N(CCCCC)CC(=O)N(C)[C@@H](CC(C)C)C(=O)N[C@@H](CCCC)C4=O,Sub05-17,782.02408,LA16,Phe,LA05,3.066,32.89847482,5.258858159,0.553743292,1.120482768,3.044284198
190,N51[C@H](CCC1)C(=O)N(CCN2CCOCC2)CC(=O)N[C@@H](Cc3ccc4ccccc4c3)C(=O)N(CCCCC)CC(=O)N(C)[C@@H](CC(C)C)C(=O)N[C@@H](CCCC)C5=O,Sub05-30,832.08276,LA16,Nal,LA05,3.974,7.616140225,1.611405206,0.071062706,1.745052156,
202,N31[C@H](CCC1)C(=O)N(Cc2ccc(Cl)cc2)CC(=O)N[C@@H](C)C(=O)N(CCCCC)CC(=O)N(C)[C@@H](CC(C)C)C(=O)N[C@@H](CCCC)C3=O,Sub06-02,717.33808,LA20,Ala,LA05,3.932,13.3383928,5.345115111,0.399270325,2.670197141,3.41934622
208,N31[C@H](CCC1)C(=O)N(Cc2ccc(Cl)cc2)CC(=O)N[C@@H](CC(C)C)C(=O)N(CCCCC)CC(=O)N(C)[C@@H](CC(C)C)C(=O)N[C@@H](CCCC)C3=O,Sub06-08,759.41782,LA20,Leu,LA05,5.163,24.58147739,0.040475473,0.017075059,3.294920382,3.261724149
217,N41[C@H](CCC1)C(=O)N(Cc2ccc(Cl)cc2)CC(=O)N[C@@H](Cc3ccccc3)C(=O)N(CCCCC)CC(=O)N(C)[C@@H](CC(C)C)C(=O)N[C@@H](CCCC)C4=O,Sub06-17,793.43404,LA20,Phe,LA05,5.487,,,,,3.353372304
230,N51[C@H](CCC1)C(=O)N(Cc2ccc(Cl)cc2)CC(=O)N[C@@H](Cc3ccc4ccccc4c3)C(=O)N(CCCCC)CC(=O)N(C)[C@@H](CC(C)C)C(=O)N[C@@H](CCCC)C5=O,Sub06-30,843.49272,LA20,Nal,LA05,6.396,77.48681323,0,0,3.143811508,
242,N31[C@H](CCC1)C(=O)N(CCCCc2ccccc2)CC(=O)N[C@@H](C)C(=O)N(CCCCC)CC(=O)N(C)[C@@H](CC(C)C)C(=O)N[C@@H](CCCC)C3=O,Sub07-02,724.97276,LA23,Ala,LA05,4.501,7.291395433,2.502368419,0.277455171,3.121748441,3.093840663
248,N31[C@H](CCC1)C(=O)N(CCCCc2ccccc2)CC(=O)N[C@@H](CC(C)C)C(=O)N(CCCCC)CC(=O)N(C)[C@@H](CC(C)C)C(=O)N[C@@H](CCCC)C3=O,Sub07-08,767.0525,LA23,Leu,LA05,5.732,,,,,3.071577511
257,N41[C@H](CCC1)C(=O)N(CCCCc2ccccc2)CC(=O)N[C@@H](Cc3ccccc3)C(=O)N(CCCCC)CC(=O)N(C)[C@@H](CC(C)C)C(=O)N[C@@H](CCCC)C4=O,Sub07-17,801.06872,LA23,Phe,LA05,6.057,,,,,3.054579621
270,N51[C@H](CCC1)C(=O)N(CCCCc2ccccc2)CC(=O)N[C@@H](Cc3ccc4ccccc4c3)C(=O)N(CCCCC)CC(=O)N(C)[C@@H](CC(C)C)C(=O)N[C@@H](CCCC)C5=O,Sub07-30,851.1274,LA23,Nal,LA05,6.965,,,,,
282,N41[C@H](CCC1)C(=O)N(Cc2ccc3OCOc3c2)CC(=O)N[C@@H](C)C(=O)N(CCCCC)CC(=O)N(C)[C@@H](CC(C)C)C(=O)N[C@@H](CCCC)C4=O,Sub08-02,726.90252,LA24,Ala,LA05,3.035,34.19984613,13.70210377,2.25747864,1.759382651,3.160001691
288,N41[C@H](CCC1)C(=O)N(Cc2ccc3OCOc3c2)CC(=O)N[C@@H](CC(C)C)C(=O)N(CCCCC)CC(=O)N(C)[C@@H](CC(C)C)C(=O)N[C@@H](CCCC)C4=O,Sub08-08,768.98226,LA24,Leu,LA05,4.267,14.99060773,0.276156172,0.027165791,3.234302513,3.14998077
297,N51[C@H](CCC1)C(=O)N(Cc2ccc3OCOc3c2)CC(=O)N[C@@H](Cc4ccccc4)C(=O)N(CCCCC)CC(=O)N(C)[C@@H](CC(C)C)C(=O)N[C@@H](CCCC)C5=O,Sub08-17,802.99848,LA24,Phe,LA05,4.591,30.51727929,0.03897605,0.012370906,3.128073103,3.160918141
310,N61[C@H](CCC1)C(=O)N(Cc2ccc3OCOc3c2)CC(=O)N[C@@H](Cc4ccc5ccccc5c4)C(=O)N(CCCCC)CC(=O)N(C)[C@@H](CC(C)C)C(=O)N[C@@H](CCCC)C6=O,Sub08-30,853.05716,LA24,Nal,LA05,5.5,55.93337928,0.001297681,0.001832124,3.269137226,1.485299266
322,N31[C@H](CCC1)C(=O)N(Cc2noc(CC(C)C)c2)CC(=O)N[C@@H](C)C(=O)N(CCCCC)CC(=O)N(C)[C@@H](CC(C)C)C(=O)N[C@@H](CCCC)C3=O,Sub09-02,729.94952,LA27,Ala,LA05,3.457,17.14089148,10.05457356,1.957554526,2.552861439,1.902557055
328,N31[C@H](CCC1)C(=O)N(Cc2noc(CC(C)C)c2)CC(=O)N[C@@H](CC(C)C)C(=O)N(CCCCC)CC(=O)N(C)[C@@H](CC(C)C)C(=O)N[C@@H](CCCC)C3=O,Sub09-08,772.02926,LA27,Leu,LA05,4.688,7.423268711,0.260682081,0.018205019,3.53288884,2.96018482
337,N41[C@H](CCC1)C(=O)N(Cc2noc(CC(C)C)c2)CC(=O)N[C@@H](Cc3ccccc3)C(=O)N(CCCCC)CC(=O)N(C)[C@@H](CC(C)C)C(=O)N[C@@H](CCCC)C4=O,Sub09-17,806.04548,LA27,Phe,LA05,5.013,,,,,2.871484132
350,N51[C@H](CCC1)C(=O)N(Cc2noc(CC(C)C)c2)CC(=O)N[C@@H](Cc3ccc4ccccc4c3)C(=O)N(CCCCC)CC(=O)N(C)[C@@H](CC(C)C)C(=O)N[C@@H](CCCC)C5=O,Sub09-30,856.10416,LA27,Nal,LA05,5.921,,,,,
362,N31[C@H](CCC1)C(=O)N(Cc2ccccc2Cn1cccn1)CC(=O)N[C@@H](C)C(=O)N(CCCCC)CC(=O)N(C)[C@@H](CC(C)C)C(=O)N[C@@H](CCCC)C3=O,Sub10-02,762.98098,LA33,Ala,LA05,3.501,71.42554156,8.277355973,0.629307494,1.221802113,3.054805744
368,N31[C@H](CCC1)C(=O)N(Cc2ccccc2Cn1cccn1)CC(=O)N[C@@H](CC(C)C)C(=O)N(CCCCC)CC(=O)N(C)[C@@H](CC(C)C)C(=O)N[C@@H](CCCC)C3=O,Sub10-08,805.06072,LA33,Leu,LA05,4.732,9.382932117,2.587883461,0.181932017,2.407834243,3.233094716
377,N41[C@H](CCC1)C(=O)N(Cc2ccccc2Cn1cccn1)CC(=O)N[C@@H](Cc3ccccc3)C(=O)N(CCCCC)CC(=O)N(C)[C@@H](CC(C)C)C(=O)N[C@@H](CCCC)C4=O,Sub10-17,839.07694,LA33,Phe,LA05,5.056,14.36508762,0.124549822,0.21572662,2.296751046,3.231202139
390,N51[C@H](CCC1)C(=O)N(Cc2ccccc2Cn1cccn1)CC(=O)N[C@@H](Cc3ccc4ccccc4c3)C(=O)N(CCCCC)CC(=O)N(C)[C@@H](CC(C)C)C(=O)N[C@@H](CCCC)C5=O,Sub10-30,889.13562,LA33,Nal,LA05,5.965,38.78387019,0.01579178,0.008219925,2.325439141,
3,N31[C@H](CCC1)C(=O)N(CC)CC(=O)N[C@@H](C)C(=O)N(Cc2ccccc2)CC(=O)N(C)[C@@H](CC(C)C)C(=O)N[C@@H](CCCC)C3=O,Sub01-03,640.81328,LA01,Ala,LA08,1.831,84.14199024,3.540079661,0.212213255,0.313654612,2.480809064
13,N31[C@H](CCC1)C(=O)N(CC)CC(=O)N[C@@H](CC(C)C)C(=O)N(Cc2ccccc2)CC(=O)N(C)[C@@H](CC(C)C)C(=O)N[C@@H](CCCC)C3=O,Sub01-13,682.89302,LA01,Leu,LA08,3.063,24.71754275,10.12312014,0.58960857,1.839618575,2.857800292
22,N41[C@H](CCC1)C(=O)N(CC)CC(=O)N[C@@H](Cc2ccccc2)C(=O)N(Cc3ccccc3)CC(=O)N(C)[C@@H](CC(C)C)C(=O)N[C@@H](CCCC)C4=O,Sub01-22,716.90924,LA01,Phe,LA08,3.387,12.88591525,6.852290769,0.342322433,2.140401494,2.87468069
33,N51[C@H](CCC1)C(=O)N(CC)CC(=O)N[C@@H](Cc2ccc3ccccc3c2)C(=O)N(Cc4ccccc4)CC(=O)N(C)[C@@H](CC(C)C)C(=O)N[C@@H](CCCC)C5=O,Sub01-33,766.96792,LA01,Nal,LA08,4.295,,,,,2.839426612
43,N31[C@H](CCC1)C(=O)N(CCC)CC(=O)N[C@@H](C)C(=O)N(Cc2ccccc2)CC(=O)N(C)[C@@H](CC(C)C)C(=O)N[C@@H](CCCC)C3=O,Sub02-03,654.83986,LA02,Ala,LA08,2.355,77.69040131,7.501099481,0.144312346,0.969468657,2.966645719
53,N31[C@H](CCC1)C(=O)N(CCC)CC(=O)N[C@@H](CC(C)C)C(=O)N(Cc2ccccc2)CC(=O)N(C)[C@@H](CC(C)C)C(=O)N[C@@H](CCCC)C3=O,Sub02-13,696.9196,LA02,Leu,LA08,3.586,16.65319535,6.313709579,0.656844552,2.375415269,3.354931112
62,N41[C@H](CCC1)C(=O)N(CCC)CC(=O)N[C@@H](Cc2ccccc2)C(=O)N(Cc3ccccc3)CC(=O)N(C)[C@@H](CC(C)C)C(=O)N[C@@H](CCCC)C4=O,Sub02-22,730.93582,LA02,Phe,LA08,3.911,10.49606389,2.362995796,0.357260297,2.43643006,
73,N51[C@H](CCC1)C(=O)N(CCC)CC(=O)N[C@@H](Cc2ccc3ccccc3c2)C(=O)N(Cc4ccccc4)CC(=O)N(C)[C@@H](CC(C)C)C(=O)N[C@@H](CCCC)C5=O,Sub02-33,780.9945,LA02,Nal,LA08,4.819,,,,,3.535907256
83,N31[C@H](CCC1)C(=O)N(CC(C)C)CC(=O)N[C@@H](C)C(=O)N(Cc2ccccc2)CC(=O)N(C)[C@@H](CC(C)C)C(=O)N[C@@H](CCCC)C3=O,Sub03-03,668.86644,LA03,Ala,LA08,2.674,65.4925168,10.4249435,1.099089908,1.45180099,2.650851322
93,N31[C@H](CCC1)C(=O)N(CC(C)C)CC(=O)N[C@@H](CC(C)C)C(=O)N(Cc2ccccc2)CC(=O)N(C)[C@@H](CC(C)C)C(=O)N[C@@H](CCCC)C3=O,Sub03-13,710.94618,LA03,Leu,LA08,3.906,11.72385118,3.645151946,0.8556998,3.092316847,2.777467344
102,N41[C@H](CCC1)C(=O)N(CC(C)C)CC(=O)N[C@@H](Cc2ccccc2)C(=O)N(Cc3ccccc3)CC(=O)N(C)[C@@H](CC(C)C)C(=O)N[C@@H](CCCC)C4=O,Sub03-22,744.9624,LA03,Phe,LA08,4.23,,,,,2.852306736
113,N51[C@H](CCC1)C(=O)N(CC(C)C)CC(=O)N[C@@H](Cc2ccc3ccccc3c2)C(=O)N(Cc4ccccc4)CC(=O)N(C)[C@@H](CC(C)C)C(=O)N[C@@H](CCCC)C5=O,Sub03-33,795.02108,LA03,Nal,LA08,5.138,32.38654542,0.016780432,0.005653137,3.323714431,3.085953743
123,N31[C@H](CCC1)C(=O)N(CCCOC(C)C)CC(=O)N[C@@H](C)C(=O)N(Cc2ccccc2)CC(=O)N(C)[C@@H](CC(C)C)C(=O)N[C@@H](CCCC)C3=O,Sub04-03,712.919,LA13,Ala,LA08,2.14,68.76899718,10.61254721,0.234097583,1.306122811,3.280193185
133,N31[C@H](CCC1)C(=O)N(CCCOC(C)C)CC(=O)N[C@@H](CC(C)C)C(=O)N(Cc2ccccc2)CC(=O)N(C)[C@@H](CC(C)C)C(=O)N[C@@H](CCCC)C3=O,Sub04-13,754.99874,LA13,Leu,LA08,3.372,11.11623831,6.691799698,0.54128817,2.734453483,3.447358437
142,N41[C@H](CCC1)C(=O)N(CCCOC(C)C)CC(=O)N[C@@H](Cc2ccccc2)C(=O)N(Cc3ccccc3)CC(=O)N(C)[C@@H](CC(C)C)C(=O)N[C@@H](CCCC)C4=O,Sub04-22,789.01496,LA13,Phe,LA08,3.696,7.707401587,2.99229596,0.380685518,2.813434794,
153,N51[C@H](CCC1)C(=O)N(CCCOC(C)C)CC(=O)N[C@@H](Cc2ccc3ccccc3c2)C(=O)N(Cc4ccccc4)CC(=O)N(C)[C@@H](CC(C)C)C(=O)N[C@@H](CCCC)C5=O,Sub04-33,839.07364,LA13,Nal,LA08,4.604,,,,,3.656746247
163,N41[C@H](CCC1)C(=O)N(CCN2CCOCC2)CC(=O)N[C@@H](C)C(=O)N(Cc3ccccc3)CC(=O)N(C)[C@@H](CC(C)C)C(=O)N[C@@H](CCCC)C4=O,Sub05-03,725.91776,LA16,Ala,LA08,1.309,102.663418,0.321524299,0.050822183,-0.634387743,2.277880821
173,N41[C@H](CCC1)C(=O)N(CCN2CCOCC2)CC(=O)N[C@@H](CC(C)C)C(=O)N(Cc3ccccc3)CC(=O)N(C)[C@@H](CC(C)C)C(=O)N[C@@H](CCCC)C4=O,Sub05-13,767.9975,LA16,Leu,LA08,2.54,55.72294434,3.965212566,0.563434476,0.725853985,3.015630597
182,N51[C@H](CCC1)C(=O)N(CCN2CCOCC2)CC(=O)N[C@@H](Cc3ccccc3)C(=O)N(Cc4ccccc4)CC(=O)N(C)[C@@H](CC(C)C)C(=O)N[C@@H](CCCC)C5=O,Sub05-22,802.01372,LA16,Phe,LA08,2.865,29.32120699,3.772433984,0.463740023,1.029900179,2.891018454
193,N61[C@H](CCC1)C(=O)N(CCN2CCOCC2)CC(=O)N[C@@H](Cc3ccc4ccccc4c3)C(=O)N(Cc5ccccc5)CC(=O)N(C)[C@@H](CC(C)C)C(=O)N[C@@H](CCCC)C6=O,Sub05-33,852.0724,LA16,Nal,LA08,3.773,,,,,3.051564341
203,N41[C@H](CCC1)C(=O)N(Cc2ccc(Cl)cc2)CC(=O)N[C@@H](C)C(=O)N(Cc3ccccc3)CC(=O)N(C)[C@@H](CC(C)C)C(=O)N[C@@H](CCCC)C4=O,Sub06-03,737.32772,LA20,Ala,LA08,3.73,15.27300263,3.274952756,0.213512821,2.50978659,3.405079706
213,N41[C@H](CCC1)C(=O)N(Cc2ccc(Cl)cc2)CC(=O)N[C@@H](CC(C)C)C(=O)N(Cc3ccccc3)CC(=O)N(C)[C@@H](CC(C)C)C(=O)N[C@@H](CCCC)C4=O,Sub06-13,779.40746,LA20,Leu,LA08,4.962,33.30560055,0.234136158,0.027563496,3.240077513,3.295122508
222,N51[C@H](CCC1)C(=O)N(Cc2ccc(Cl)cc2)CC(=O)N[C@@H](Cc3ccccc3)C(=O)N(Cc4ccccc4)CC(=O)N(C)[C@@H](CC(C)C)C(=O)N[C@@H](CCCC)C5=O,Sub06-22,813.42368,LA20,Phe,LA08,5.286,54.05933507,0.007793906,0.002971222,3.127906166,3.381260019
233,N61[C@H](CCC1)C(=O)N(Cc2ccc(Cl)cc2)CC(=O)N[C@@H](Cc3ccc4ccccc4c3)C(=O)N(Cc5ccccc5)CC(=O)N(C)[C@@H](CC(C)C)C(=O)N[C@@H](CCCC)C6=O,Sub06-33,863.48236,LA20,Nal,LA08,6.194,,,,,3.608352003
243,N41[C@H](CCC1)C(=O)N(CCCCc2ccccc2)CC(=O)N[C@@H](C)C(=O)N(Cc3ccccc3)CC(=O)N(C)[C@@H](CC(C)C)C(=O)N[C@@H](CCCC)C4=O,Sub07-03,744.9624,LA23,Ala,LA08,4.299,7.771121504,1.696827536,0.223391284,3.001332674,3.049758997
253,N41[C@H](CCC1)C(=O)N(CCCCc2ccccc2)CC(=O)N[C@@H](CC(C)C)C(=O)N(Cc3ccccc3)CC(=O)N(C)[C@@H](CC(C)C)C(=O)N[C@@H](CCCC)C4=O,Sub07-13,787.04214,LA23,Leu,LA08,5.531,21.10533901,0.029266368,0.016353916,3.560716593,3.088018599
262,N51[C@H](CCC1)C(=O)N(CCCCc2ccccc2)CC(=O)N[C@@H](Cc3ccccc3)C(=O)N(Cc4ccccc4)CC(=O)N(C)[C@@H](CC(C)C)C(=O)N[C@@H](CCCC)C5=O,Sub07-22,821.05836,LA23,Phe,LA08,5.855,,,,,3.157732046
273,N61[C@H](CCC1)C(=O)N(CCCCc2ccccc2)CC(=O)N[C@@H](Cc3ccc4ccccc4c3)C(=O)N(Cc5ccccc5)CC(=O)N(C)[C@@H](CC(C)C)C(=O)N[C@@H](CCCC)C6=O,Sub07-33,871.11704,LA23,Nal,LA08,6.764,,,,,3.394834243
283,N51[C@H](CCC1)C(=O)N(Cc2ccc3OCOc3c2)CC(=O)N[C@@H](C)C(=O)N(Cc4ccccc4)CC(=O)N(C)[C@@H](CC(C)C)C(=O)N[C@@H](CCCC)C5=O,Sub08-03,746.89216,LA24,Ala,LA08,2.834,28.59503685,7.773286543,1.13169105,1.616615604,3.211096849
293,N51[C@H](CCC1)C(=O)N(Cc2ccc3OCOc3c2)CC(=O)N[C@@H](CC(C)C)C(=O)N(Cc4ccccc4)CC(=O)N(C)[C@@H](CC(C)C)C(=O)N[C@@H](CCCC)C5=O,Sub08-13,788.9719,LA24,Leu,LA08,4.066,21.20217405,0.21493964,0.021947561,2.941705595,2.31655117
302,N61[C@H](CCC1)C(=O)N(Cc2ccc3OCOc3c2)CC(=O)N[C@@H](Cc4ccccc4)C(=O)N(Cc5ccccc5)CC(=O)N(C)[C@@H](CC(C)C)C(=O)N[C@@H](CCCC)C6=O,Sub08-22,822.98812,LA24,Phe,LA08,4.39,40.32070485,0.031032953,0.01336281,3.016375758,3.206548958
313,N71[C@H](CCC1)C(=O)N(Cc2ccc3OCOc3c2)CC(=O)N[C@@H](Cc4ccc5ccccc5c4)C(=O)N(Cc6ccccc6)CC(=O)N(C)[C@@H](CC(C)C)C(=O)N[C@@H](CCCC)C7=O,Sub08-33,873.0468,LA24,Nal,LA08,5.298,,,,,3.000897513
323,N41[C@H](CCC1)C(=O)N(Cc2noc(CC(C)C)c2)CC(=O)N[C@@H](C)C(=O)N(Cc3ccccc3)CC(=O)N(C)[C@@H](CC(C)C)C(=O)N[C@@H](CCCC)C4=O,Sub09-03,749.93916,LA27,Ala,LA08,3.255,15.30255208,7.954176105,1.528329523,2.358405364,3.068138976
333,N41[C@H](CCC1)C(=O)N(Cc2noc(CC(C)C)c2)CC(=O)N[C@@H](CC(C)C)C(=O)N(Cc3ccccc3)CC(=O)N(C)[C@@H](CC(C)C)C(=O)N[C@@H](CCCC)C4=O,Sub09-13,792.0189,LA27,Leu,LA08,4.487,8.958906709,0.320781415,0.035501405,3.481824627,2.893749982
342,N51[C@H](CCC1)C(=O)N(Cc2noc(CC(C)C)c2)CC(=O)N[C@@H](Cc3ccccc3)C(=O)N(Cc4ccccc4)CC(=O)N(C)[C@@H](CC(C)C)C(=O)N[C@@H](CCCC)C5=O,Sub09-22,826.03512,LA27,Phe,LA08,4.811,18.2518455,0.106987417,0.0287706,3.301636627,2.960954184
353,N61[C@H](CCC1)C(=O)N(Cc2noc(CC(C)C)c2)CC(=O)N[C@@H](Cc3ccc4ccccc4c3)C(=O)N(Cc5ccccc5)CC(=O)N(C)[C@@H](CC(C)C)C(=O)N[C@@H](CCCC)C6=O,Sub09-33,876.0938,LA27,Nal,LA08,5.72,,,,,3.391662357
363,N41[C@H](CCC1)C(=O)N(Cc2ccccc2Cn1cccn1)CC(=O)N[C@@H](C)C(=O)N(Cc3ccccc3)CC(=O)N(C)[C@@H](CC(C)C)C(=O)N[C@@H](CCCC)C4=O,Sub10-03,782.97062,LA33,Ala,LA08,3.299,60.26521214,5.558408791,0.350094944,1.112910382,3.19849469
373,N41[C@H](CCC1)C(=O)N(Cc2ccccc2Cn1cccn1)CC(=O)N[C@@H](CC(C)C)C(=O)N(Cc3ccccc3)CC(=O)N(C)[C@@H](CC(C)C)C(=O)N[C@@H](CCCC)C4=O,Sub10-13,825.05036,LA33,Leu,LA08,4.531,13.61666069,2.199341872,0.118540769,2.259812479,3.228849176
382,N51[C@H](CCC1)C(=O)N(Cc2ccccc2Cn1cccn1)CC(=O)N[C@@H](Cc3ccccc3)C(=O)N(Cc4ccccc4)CC(=O)N(C)[C@@H](CC(C)C)C(=O)N[C@@H](CCCC)C5=O,Sub10-22,859.06658,LA33,Phe,LA08,4.855,23.83086921,0.350078653,0.037597641,2.238786392,3.022809266
393,N61[C@H](CCC1)C(=O)N(Cc2ccccc2Cn1cccn1)CC(=O)N[C@@H](Cc3ccc4ccccc4c3)C(=O)N(Cc5ccccc5)CC(=O)N(C)[C@@H](CC(C)C)C(=O)N[C@@H](CCCC)C6=O,Sub10-33,909.12526,LA33,Nal,LA08,5.763,,,,,1.406060175
4,N31[C@H](CCC1)C(=O)N(CC)CC(=O)N[C@@H](C)C(=O)N(CC2CCCCC2)CC(=O)N(C)[C@@H](CC(C)C)C(=O)N[C@@H](CCCC)C3=O,Sub01-04,646.86092,LA01,Ala,LA11,2.436,73.19204175,9.057769358,1.07508346,0.94381021,2.826038983
15,N31[C@H](CCC1)C(=O)N(CC)CC(=O)N[C@@H](CC(C)C)C(=O)N(CC2CCCCC2)CC(=O)N(C)[C@@H](CC(C)C)C(=O)N[C@@H](CCCC)C3=O,Sub01-15,688.94066,LA01,Leu,LA11,3.668,12.03891643,6.798988041,0.388458971,2.64224347,2.885408559
24,N41[C@H](CCC1)C(=O)N(CC)CC(=O)N[C@@H](Cc2ccccc2)C(=O)N(CC3CCCCC3)CC(=O)N(C)[C@@H](CC(C)C)C(=O)N[C@@H](CCCC)C4=O,Sub01-24,722.95688,LA01,Phe,LA11,3.992,7.44545643,2.890228224,0.074687754,2.890581904,
34,N51[C@H](CCC1)C(=O)N(CC)CC(=O)N[C@@H](Cc2ccc3ccccc3c2)C(=O)N(CC4CCCCC4)CC(=O)N(C)[C@@H](CC(C)C)C(=O)N[C@@H](CCCC)C5=O,Sub01-34,773.01556,LA01,Nal,LA11,4.901,,,,,3.188589732
44,N31[C@H](CCC1)C(=O)N(CCC)CC(=O)N[C@@H](C)C(=O)N(CC2CCCCC2)CC(=O)N(C)[C@@H](CC(C)C)C(=O)N[C@@H](CCCC)C3=O,Sub02-04,660.8875,LA02,Ala,LA11,2.96,53.89002497,11.62576354,0.491211138,1.614897361,3.317144543
55,N31[C@H](CCC1)C(=O)N(CCC)CC(=O)N[C@@H](CC(C)C)C(=O)N(CC2CCCCC2)CC(=O)N(C)[C@@H](CC(C)C)C(=O)N[C@@H](CCCC)C3=O,Sub02-15,702.96724,LA02,Leu,LA11,4.192,10.92737072,2.003908504,0.376433544,2.773947238,
64,N41[C@H](CCC1)C(=O)N(CCC)CC(=O)N[C@@H](Cc2ccccc2)C(=O)N(CC3CCCCC3)CC(=O)N(C)[C@@H](CC(C)C)C(=O)N[C@@H](CCCC)C4=O,Sub02-24,736.98346,LA02,Phe,LA11,4.516,10.54224343,0.593493457,0.11588721,2.757295046,3.381294261
74,N51[C@H](CCC1)C(=O)N(CCC)CC(=O)N[C@@H](Cc2ccc3ccccc3c2)C(=O)N(CC4CCCCC4)CC(=O)N(C)[C@@H](CC(C)C)C(=O)N[C@@H](CCCC)C5=O,Sub02-34,787.04214,LA02,Nal,LA11,5.424,21.14292789,0.057089353,0.014599905,2.679707697,3.956252308
84,N31[C@H](CCC1)C(=O)N(CC(C)C)CC(=O)N[C@@H](C)C(=O)N(CC2CCCCC2)CC(=O)N(C)[C@@H](CC(C)C)C(=O)N[C@@H](CCCC)C3=O,Sub03-04,674.91408,LA03,Ala,LA11,3.279,36.76866028,11.0030383,1.32988409,2.145135361,2.82363219
95,N31[C@H](CCC1)C(=O)N(CC(C)C)CC(=O)N[C@@H](CC(C)C)C(=O)N(CC2CCCCC2)CC(=O)N(C)[C@@H](CC(C)C)C(=O)N[C@@H](CCCC)C3=O,Sub03-15,716.99382,LA03,Leu,LA11,4.511,11.17871575,0.636281289,0.096441947,3.60068734,2.855701842
104,N41[C@H](CCC1)C(=O)N(CC(C)C)CC(=O)N[C@@H](Cc2ccccc2)C(=O)N(CC3CCCCC3)CC(=O)N(C)[C@@H](CC(C)C)C(=O)N[C@@H](CCCC)C4=O,Sub03-24,751.01004,LA03,Phe,LA11,4.835,,,,,2.937989662
114,N51[C@H](CCC1)C(=O)N(CC(C)C)CC(=O)N[C@@H](Cc2ccc3ccccc3c2)C(=O)N(CC4CCCCC4)CC(=O)N(C)[C@@H](CC(C)C)C(=O)N[C@@H](CCCC)C5=O,Sub03-34,801.06872,LA03,Nal,LA11,5.744,,,,,3.153211696
124,N31[C@H](CCC1)C(=O)N(CCCOC(C)C)CC(=O)N[C@@H](C)C(=O)N(CC2CCCCC2)CC(=O)N(C)[C@@H](CC(C)C)C(=O)N[C@@H](CCCC)C3=O,Sub04-04,718.96664,LA13,Ala,LA11,2.745,46.62294994,15.45535625,0.937316501,1.926477247,3.52550447
135,N31[C@H](CCC1)C(=O)N(CCCOC(C)C)CC(=O)N[C@@H](CC(C)C)C(=O)N(CC2CCCCC2)CC(=O)N(C)[C@@H](CC(C)C)C(=O)N[C@@H](CCCC)C3=O,Sub04-15,761.04638,LA13,Leu,LA11,3.977,7.181970181,1.721609492,0.385941994,3.053084793,3.347673135
144,N41[C@H](CCC1)C(=O)N(CCCOC(C)C)CC(=O)N[C@@H](Cc2ccccc2)C(=O)N(CC3CCCCC3)CC(=O)N(C)[C@@H](CC(C)C)C(=O)N[C@@H](CCCC)C4=O,Sub04-24,795.0626,LA13,Phe,LA11,4.301,8.52616689,0.78296324,0.253409723,3.029319293,3.575082987
154,N51[C@H](CCC1)C(=O)N(CCCOC(C)C)CC(=O)N[C@@H](Cc2ccc3ccccc3c2)C(=O)N(CC4CCCCC4)CC(=O)N(C)[C@@H](CC(C)C)C(=O)N[C@@H](CCCC)C5=O,Sub04-34,845.12128,LA13,Nal,LA11,5.21,15.49609463,0.104248062,0.074132886,3.146333016,3.754482131
164,N41[C@H](CCC1)C(=O)N(CCN2CCOCC2)CC(=O)N[C@@H](C)C(=O)N(CC3CCCCC3)CC(=O)N(C)[C@@H](CC(C)C)C(=O)N[C@@H](CCCC)C4=O,Sub05-04,731.9654,LA16,Ala,LA11,1.914,93.80211779,1.190486132,0.195193029,-0.026847706,2.731965349
175,N41[C@H](CCC1)C(=O)N(CCN2CCOCC2)CC(=O)N[C@@H](CC(C)C)C(=O)N(CC3CCCCC3)CC(=O)N(C)[C@@H](CC(C)C)C(=O)N[C@@H](CCCC)C4=O,Sub05-15,774.04514,LA16,Leu,LA11,3.146,34.34454683,6.68058053,0.638836552,1.254889976,3.156463187
184,N51[C@H](CCC1)C(=O)N(CCN2CCOCC2)CC(=O)N[C@@H](Cc3ccccc3)C(=O)N(CC4CCCCC4)CC(=O)N(C)[C@@H](CC(C)C)C(=O)N[C@@H](CCCC)C5=O,Sub05-24,808.06136,LA16,Phe,LA11,3.47,15.47168229,4.810617733,0.629632666,1.473401433,3.142874575
194,N61[C@H](CCC1)C(=O)N(CCN2CCOCC2)CC(=O)N[C@@H](Cc3ccc4ccccc4c3)C(=O)N(CC5CCCCC5)CC(=O)N(C)[C@@H](CC(C)C)C(=O)N[C@@H](CCCC)C6=O,Sub05-34,858.12004,LA16,Nal,LA11,4.378,9.343148529,0.380942744,0.078074387,1.820161735,3.252945538
204,N41[C@H](CCC1)C(=O)N(Cc2ccc(Cl)cc2)CC(=O)N[C@@H](C)C(=O)N(CC3CCCCC3)CC(=O)N(C)[C@@H](CC(C)C)C(=O)N[C@@H](CCCC)C4=O,Sub06-04,743.37536,LA20,Ala,LA11,4.335,14.25872069,0.981242468,0.120722884,3.051419028,
215,N41[C@H](CCC1)C(=O)N(Cc2ccc(Cl)cc2)CC(=O)N[C@@H](CC(C)C)C(=O)N(CC3CCCCC3)CC(=O)N(C)[C@@H](CC(C)C)C(=O)N[C@@H](CCCC)C4=O,Sub06-15,785.4551,LA20,Leu,LA11,5.567,43.2777677,0.079418779,0.022116209,3.228873027,3.339820745
224,N51[C@H](CCC1)C(=O)N(Cc2ccc(Cl)cc2)CC(=O)N[C@@H](Cc3ccccc3)C(=O)N(CC4CCCCC4)CC(=O)N(C)[C@@H](CC(C)C)C(=O)N[C@@H](CCCC)C5=O,Sub06-24,819.47132,LA20,Phe,LA11,5.891,,,,,3.456376698
234,N61[C@H](CCC1)C(=O)N(Cc2ccc(Cl)cc2)CC(=O)N[C@@H](Cc3ccc4ccccc4c3)C(=O)N(CC5CCCCC5)CC(=O)N(C)[C@@H](CC(C)C)C(=O)N[C@@H](CCCC)C6=O,Sub06-34,869.53,LA20,Nal,LA11,6.8,67.31979669,0,0,3.094614323,3.724902557
244,N41[C@H](CCC1)C(=O)N(CCCCc2ccccc2)CC(=O)N[C@@H](C)C(=O)N(CC3CCCCC3)CC(=O)N(C)[C@@H](CC(C)C)C(=O)N[C@@H](CCCC)C4=O,Sub07-04,751.01004,LA23,Ala,LA11,4.905,,,,,3.252756726
255,N41[C@H](CCC1)C(=O)N(CCCCc2ccccc2)CC(=O)N[C@@H](CC(C)C)C(=O)N(CC3CCCCC3)CC(=O)N(C)[C@@H](CC(C)C)C(=O)N[C@@H](CCCC)C4=O,Sub07-15,793.08978,LA23,Leu,LA11,6.136,27.07281095,0.00701839,0.012156208,3.065437663,2.954445925
264,N51[C@H](CCC1)C(=O)N(CCCCc2ccccc2)CC(=O)N[C@@H](Cc3ccccc3)C(=O)N(CC4CCCCC4)CC(=O)N(C)[C@@H](CC(C)C)C(=O)N[C@@H](CCCC)C5=O,Sub07-24,827.106,LA23,Phe,LA11,6.46,,,,,3.34489916
274,N61[C@H](CCC1)C(=O)N(CCCCc2ccccc2)CC(=O)N[C@@H](Cc3ccc4ccccc4c3)C(=O)N(CC5CCCCC5)CC(=O)N(C)[C@@H](CC(C)C)C(=O)N[C@@H](CCCC)C6=O,Sub07-34,877.16468,LA23,Nal,LA11,7.369,,,,,2.21646315
284,N51[C@H](CCC1)C(=O)N(Cc2ccc3OCOc3c2)CC(=O)N[C@@H](C)C(=O)N(CC4CCCCC4)CC(=O)N(C)[C@@H](CC(C)C)C(=O)N[C@@H](CCCC)C5=O,Sub08-04,752.9398,LA24,Ala,LA11,3.439,15.31767051,5.642081843,1.050846673,2.322519565,3.259118454
295,N51[C@H](CCC1)C(=O)N(Cc2ccc3OCOc3c2)CC(=O)N[C@@H](CC(C)C)C(=O)N(CC4CCCCC4)CC(=O)N(C)[C@@H](CC(C)C)C(=O)N[C@@H](CCCC)C5=O,Sub08-15,795.01954,LA24,Leu,LA11,4.671,26.7895874,0.031586903,0.02088289,3.317780645,3.207242388
304,N61[C@H](CCC1)C(=O)N(Cc2ccc3OCOc3c2)CC(=O)N[C@@H](Cc4ccccc4)C(=O)N(CC5CCCCC5)CC(=O)N(C)[C@@H](CC(C)C)C(=O)N[C@@H](CCCC)C6=O,Sub08-24,829.03576,LA24,Phe,LA11,4.995,47.39728169,0.029071223,0.008458399,3.238999267,3.230463739
314,N71[C@H](CCC1)C(=O)N(Cc2ccc3OCOc3c2)CC(=O)N[C@@H](Cc4ccc5ccccc5c4)C(=O)N(CC6CCCCC6)CC(=O)N(C)[C@@H](CC(C)C)C(=O)N[C@@H](CCCC)C7=O,Sub08-34,879.09444,LA24,Nal,LA11,5.903,59.37822349,0.000757251,0.001311597,3.146952628,2.273347347
324,N41[C@H](CCC1)C(=O)N(Cc2noc(CC(C)C)c2)CC(=O)N[C@@H](C)C(=O)N(CC3CCCCC3)CC(=O)N(C)[C@@H](CC(C)C)C(=O)N[C@@H](CCCC)C4=O,Sub09-04,755.9868,LA27,Ala,LA11,3.861,8.031139571,4.111916612,0.706507965,2.996130052,3.114507578
335,N41[C@H](CCC1)C(=O)N(Cc2noc(CC(C)C)c2)CC(=O)N[C@@H](CC(C)C)C(=O)N(CC3CCCCC3)CC(=O)N(C)[C@@H](CC(C)C)C(=O)N[C@@H](CCCC)C4=O,Sub09-15,798.06654,LA27,Leu,LA11,5.092,11.80119066,0.116891925,0.025564894,3.575468975,2.991574936
344,N51[C@H](CCC1)C(=O)N(Cc2noc(CC(C)C)c2)CC(=O)N[C@@H](Cc3ccccc3)C(=O)N(CC4CCCCC4)CC(=O)N(C)[C@@H](CC(C)C)C(=O)N[C@@H](CCCC)C5=O,Sub09-24,832.08276,LA27,Phe,LA11,5.417,,,,,2.938788346
354,N61[C@H](CCC1)C(=O)N(Cc2noc(CC(C)C)c2)CC(=O)N[C@@H](Cc3ccc4ccccc4c3)C(=O)N(CC5CCCCC5)CC(=O)N(C)[C@@H](CC(C)C)C(=O)N[C@@H](CCCC)C6=O,Sub09-34,882.14144,LA27,Nal,LA11,6.325,,,,,2.811392971
364,N41[C@H](CCC1)C(=O)N(Cc2ccccc2Cn1cccn1)CC(=O)N[C@@H](C)C(=O)N(CC3CCCCC3)CC(=O)N(C)[C@@H](CC(C)C)C(=O)N[C@@H](CCCC)C4=O,Sub10-04,789.01826,LA33,Ala,LA11,3.904,38.74888233,10.35991258,0.661719038,1.7472428,3.324078853
375,N41[C@H](CCC1)C(=O)N(Cc2ccccc2Cn1cccn1)CC(=O)N[C@@H](CC(C)C)C(=O)N(CC3CCCCC3)CC(=O)N(C)[C@@H](CC(C)C)C(=O)N[C@@H](CCCC)C4=O,Sub10-15,831.098,LA33,Leu,LA11,5.136,13.37673631,0.49423428,0.047542678,2.432700382,2.938878929
384,N51[C@H](CCC1)C(=O)N(Cc2ccccc2Cn1cccn1)CC(=O)N[C@@H](Cc3ccccc3)C(=O)N(CC4CCCCC4)CC(=O)N(C)[C@@H](CC(C)C)C(=O)N[C@@H](CCCC)C5=O,Sub10-24,865.11422,LA33,Phe,LA11,5.46,27.17479702,0.112912932,0.029036492,2.333199883,3.253958031
394,N61[C@H](CCC1)C(=O)N(Cc2ccccc2Cn1cccn1)CC(=O)N[C@@H](Cc3ccc4ccccc4c3)C(=O)N(CC5CCCCC5)CC(=O)N(C)[C@@H](CC(C)C)C(=O)N[C@@H](CCCC)C6=O,Sub10-34,915.1729,LA33,Nal,LA11,6.369,53.04179407,0.014840872,0.004431075,2.240834537,
5,N31[C@H](CCC1)C(=O)N(CC)CC(=O)N[C@@H](C)C(=O)N(CC2CCOCC2)CC(=O)N(C)[C@@H](CC(C)C)C(=O)N[C@@H](CCCC)C3=O,Sub01-05,648.83374,LA01,Ala,LA12,0.667,90.62834005,0.05378244,0.006148899,-1.600656459,1.508429823
16,N31[C@H](CCC1)C(=O)N(CC)CC(=O)N[C@@H](CC(C)C)C(=O)N(CC2CCOCC2)CC(=O)N(C)[C@@H](CC(C)C)C(=O)N[C@@H](CCCC)C3=O,Sub01-16,690.91348,LA01,Leu,LA12,1.899,88.66633714,1.778877914,0.172114033,0.000875264,2.468612938
25,N41[C@H](CCC1)C(=O)N(CC)CC(=O)N[C@@H](Cc2ccccc2)C(=O)N(CC3CCOCC3)CC(=O)N(C)[C@@H](CC(C)C)C(=O)N[C@@H](CCCC)C4=O,Sub01-25,724.9297,LA01,Phe,LA12,2.223,76.45925873,3.176629474,0.337544489,0.477263335,2.667565049
35,N51[C@H](CCC1)C(=O)N(CC)CC(=O)N[C@@H](Cc2ccc3ccccc3c2)C(=O)N(CC4CCOCC4)CC(=O)N(C)[C@@H](CC(C)C)C(=O)N[C@@H](CCCC)C5=O,Sub01-35,774.98838,LA01,Nal,LA12,3.131,27.37398952,5.85431973,0.451738932,1.498033225,3.040252649
45,N31[C@H](CCC1)C(=O)N(CCC)CC(=O)N[C@@H](C)C(=O)N(CC2CCOCC2)CC(=O)N(C)[C@@H](CC(C)C)C(=O)N[C@@H](CCCC)C3=O,Sub02-05,662.86032,LA02,Ala,LA12,1.19,,,,,1.959291329
56,N31[C@H](CCC1)C(=O)N(CCC)CC(=O)N[C@@H](CC(C)C)C(=O)N(CC2CCOCC2)CC(=O)N(C)[C@@H](CC(C)C)C(=O)N[C@@H](CCCC)C3=O,Sub02-16,704.94006,LA02,Leu,LA12,2.422,88.5583062,4.55448683,0.11688024,0.661975057,2.796051274
65,N41[C@H](CCC1)C(=O)N(CCC)CC(=O)N[C@@H](Cc2ccccc2)C(=O)N(CC3CCOCC3)CC(=O)N(C)[C@@H](CC(C)C)C(=O)N[C@@H](CCCC)C4=O,Sub02-25,738.95628,LA02,Phe,LA12,2.746,63.17810677,6.396982049,0.192477924,1.11994588,3.119068318
75,N51[C@H](CCC1)C(=O)N(CCC)CC(=O)N[C@@H](Cc2ccc3ccccc3c2)C(=O)N(CC4CCOCC4)CC(=O)N(C)[C@@H](CC(C)C)C(=O)N[C@@H](CCCC)C5=O,Sub02-35,789.01496,LA02,Nal,LA12,3.655,16.73038097,4.301101815,0.487414302,1.974482803,
85,N31[C@H](CCC1)C(=O)N(CC(C)C)CC(=O)N[C@@H](C)C(=O)N(CC2CCOCC2)CC(=O)N(C)[C@@H](CC(C)C)C(=O)N[C@@H](CCCC)C3=O,Sub03-05,676.8869,LA03,Ala,LA12,1.51,94.70163397,0.550621277,0.056244987,-0.359591791,2.114773906
96,N31[C@H](CCC1)C(=O)N(CC(C)C)CC(=O)N[C@@H](CC(C)C)C(=O)N(CC2CCOCC2)CC(=O)N(C)[C@@H](CC(C)C)C(=O)N[C@@H](CCCC)C3=O,Sub03-16,718.96664,LA03,Leu,LA12,2.741,76.81083892,8.579194622,0.71835939,1.151443712,2.521904686
105,N41[C@H](CCC1)C(=O)N(CC(C)C)CC(=O)N[C@@H](Cc2ccccc2)C(=O)N(CC3CCOCC3)CC(=O)N(C)[C@@H](CC(C)C)C(=O)N[C@@H](CCCC)C4=O,Sub03-25,752.98286,LA03,Phe,LA12,3.066,44.02259019,8.490682194,0.944255388,1.591549686,2.606794957
115,N51[C@H](CCC1)C(=O)N(CC(C)C)CC(=O)N[C@@H](Cc2ccc3ccccc3c2)C(=O)N(CC4CCOCC4)CC(=O)N(C)[C@@H](CC(C)C)C(=O)N[C@@H](CCCC)C5=O,Sub03-35,803.04154,LA03,Nal,LA12,3.974,12.84322888,2.985219424,0.526341234,2.519585384,2.870988068
125,N31[C@H](CCC1)C(=O)N(CCCOC(C)C)CC(=O)N[C@@H](C)C(=O)N(CC2CCOCC2)CC(=O)N(C)[C@@H](CC(C)C)C(=O)N[C@@H](CCCC)C3=O,Sub04-05,720.93946,LA13,Ala,LA12,0.976,92.99079334,0.34081925,0.023610806,-0.615665406,2.335388369
136,N31[C@H](CCC1)C(=O)N(CCCOC(C)C)CC(=O)N[C@@H](CC(C)C)C(=O)N(CC2CCOCC2)CC(=O)N(C)[C@@H](CC(C)C)C(=O)N[C@@H](CCCC)C3=O,Sub04-16,763.0192,LA13,Leu,LA12,2.207,76.64259053,7.198259381,0.395315157,0.94068927,3.183167977
145,N41[C@H](CCC1)C(=O)N(CCCOC(C)C)CC(=O)N[C@@H](Cc2ccccc2)C(=O)N(CC3CCOCC3)CC(=O)N(C)[C@@H](CC(C)C)C(=O)N[C@@H](CCCC)C4=O,Sub04-25,797.03542,LA13,Phe,LA12,2.532,51.61615761,7.719349918,0.228142785,1.317440804,3.286634182
155,N51[C@H](CCC1)C(=O)N(CCCOC(C)C)CC(=O)N[C@@H](Cc2ccc3ccccc3c2)C(=O)N(CC4CCOCC4)CC(=O)N(C)[C@@H](CC(C)C)C(=O)N[C@@H](CCCC)C5=O,Sub04-35,847.0941,LA13,Nal,LA12,3.44,12.69672627,5.293925099,0.063803661,2.203317924,
165,N41[C@H](CCC1)C(=O)N(CCN2CCOCC2)CC(=O)N[C@@H](C)C(=O)N(CC3CCOCC3)CC(=O)N(C)[C@@H](CC(C)C)C(=O)N[C@@H](CCCC)C4=O,Sub05-05,733.93822,LA16,Ala,LA12,0.144,,,,,1.051202818
176,N41[C@H](CCC1)C(=O)N(CCN2CCOCC2)CC(=O)N[C@@H](CC(C)C)C(=O)N(CC3CCOCC3)CC(=O)N(C)[C@@H](CC(C)C)C(=O)N[C@@H](CCCC)C4=O,Sub05-16,776.01796,LA16,Leu,LA12,1.376,106.7259415,0.136179958,0.024907712,-0.967094112,2.18240005
185,N51[C@H](CCC1)C(=O)N(CCN2CCOCC2)CC(=O)N[C@@H](Cc3ccccc3)C(=O)N(CC4CCOCC4)CC(=O)N(C)[C@@H](CC(C)C)C(=O)N[C@@H](CCCC)C5=O,Sub05-25,810.03418,LA16,Phe,LA12,1.7,98.6301819,0.352192488,0.078722191,-0.503844932,2.470985671
195,N61[C@H](CCC1)C(=O)N(CCN2CCOCC2)CC(=O)N[C@@H](Cc3ccc4ccccc4c3)C(=O)N(CC5CCOCC5)CC(=O)N(C)[C@@H](CC(C)C)C(=O)N[C@@H](CCCC)C6=O,Sub05-35,860.09286,LA16,Nal,LA12,2.609,56.85704368,1.460078026,0.230545884,0.501744558,2.942031877
205,N41[C@H](CCC1)C(=O)N(Cc2ccc(Cl)cc2)CC(=O)N[C@@H](C)C(=O)N(CC3CCOCC3)CC(=O)N(C)[C@@H](CC(C)C)C(=O)N[C@@H](CCCC)C4=O,Sub06-05,745.34818,LA20,Ala,LA12,2.566,68.10451275,4.100595301,0.339017669,0.92711978,3.128278178
216,N41[C@H](CCC1)C(=O)N(Cc2ccc(Cl)cc2)CC(=O)N[C@@H](CC(C)C)C(=O)N(CC3CCOCC3)CC(=O)N(C)[C@@H](CC(C)C)C(=O)N[C@@H](CCCC)C4=O,Sub06-16,787.42792,LA20,Leu,LA12,3.798,16.94013394,6.041202773,0.674363661,2.080679089,3.228098775
225,N51[C@H](CCC1)C(=O)N(Cc2ccc(Cl)cc2)CC(=O)N[C@@H](Cc3ccccc3)C(=O)N(CC4CCOCC4)CC(=O)N(C)[C@@H](CC(C)C)C(=O)N[C@@H](CCCC)C5=O,Sub06-25,821.44414,LA20,Phe,LA12,4.122,14.40272672,1.000012856,0.190336371,2.436168924,3.39302723
235,N61[C@H](CCC1)C(=O)N(Cc2ccc(Cl)cc2)CC(=O)N[C@@H](Cc3ccc4ccccc4c3)C(=O)N(CC5CCOCC5)CC(=O)N(C)[C@@H](CC(C)C)C(=O)N[C@@H](CCCC)C6=O,Sub06-35,871.50282,LA20,Nal,LA12,5.03,41.94254277,0.015037155,0.006548005,2.919382073,3.51633856
245,N41[C@H](CCC1)C(=O)N(CCCCc2ccccc2)CC(=O)N[C@@H](C)C(=O)N(CC3CCOCC3)CC(=O)N(C)[C@@H](CC(C)C)C(=O)N[C@@H](CCCC)C4=O,Sub07-05,752.98286,LA23,Ala,LA12,3.135,52.4478936,5.046690395,0.722282036,1.234454474,2.85378933
256,N41[C@H](CCC1)C(=O)N(CCCCc2ccccc2)CC(=O)N[C@@H](CC(C)C)C(=O)N(CC3CCOCC3)CC(=O)N(C)[C@@H](CC(C)C)C(=O)N[C@@H](CCCC)C4=O,Sub07-16,795.0626,LA23,Leu,LA12,4.367,8.671859957,4.405656358,0.14855985,2.578025273,2.872646053
265,N51[C@H](CCC1)C(=O)N(CCCCc2ccccc2)CC(=O)N[C@@H](Cc3ccccc3)C(=O)N(CC4CCOCC4)CC(=O)N(C)[C@@H](CC(C)C)C(=O)N[C@@H](CCCC)C5=O,Sub07-25,829.07882,LA23,Phe,LA12,4.691,8.265652186,1.47510526,0.195162587,2.90948459,3.022345971
275,N61[C@H](CCC1)C(=O)N(CCCCc2ccccc2)CC(=O)N[C@@H](Cc3ccc4ccccc4c3)C(=O)N(CC5CCOCC5)CC(=O)N(C)[C@@H](CC(C)C)C(=O)N[C@@H](CCCC)C6=O,Sub07-35,879.1375,LA23,Nal,LA12,5.599,,,,,2.981517389
285,N51[C@H](CCC1)C(=O)N(Cc2ccc3OCOc3c2)CC(=O)N[C@@H](C)C(=O)N(CC4CCOCC4)CC(=O)N(C)[C@@H](CC(C)C)C(=O)N[C@@H](CCCC)C5=O,Sub08-05,754.91262,LA24,Ala,LA12,1.67,79.80297495,0.794050726,0.064994222,-0.031277121,2.698215602
296,N51[C@H](CCC1)C(=O)N(Cc2ccc3OCOc3c2)CC(=O)N[C@@H](CC(C)C)C(=O)N(CC4CCOCC4)CC(=O)N(C)[C@@H](CC(C)C)C(=O)N[C@@H](CCCC)C5=O,Sub08-16,796.99236,LA24,Leu,LA12,2.901,38.70918038,9.448450574,1.303999223,1.308439979,2.84436809
305,N61[C@H](CCC1)C(=O)N(Cc2ccc3OCOc3c2)CC(=O)N[C@@H](Cc4ccccc4)C(=O)N(CC5CCOCC5)CC(=O)N(C)[C@@H](CC(C)C)C(=O)N[C@@H](CCCC)C6=O,Sub08-25,831.00858,LA24,Phe,LA12,3.225,16.41375637,3.467063632,0.566586666,1.771708677,3.1619761
315,N71[C@H](CCC1)C(=O)N(Cc2ccc3OCOc3c2)CC(=O)N[C@@H](Cc4ccc5ccccc5c4)C(=O)N(CC6CCOCC6)CC(=O)N(C)[C@@H](CC(C)C)C(=O)N[C@@H](CCCC)C7=O,Sub08-35,881.06726,LA24,Nal,LA12,4.134,33.37193236,0.068445135,0.008461983,2.650296243,2.663283675
325,N41[C@H](CCC1)C(=O)N(Cc2noc(CC(C)C)c2)CC(=O)N[C@@H](C)C(=O)N(CC3CCOCC3)CC(=O)N(C)[C@@H](CC(C)C)C(=O)N[C@@H](CCCC)C4=O,Sub09-05,757.95962,LA27,Ala,LA12,2.091,84.82882342,2.170680527,0.193353431,0.685681921,2.85073567
336,N41[C@H](CCC1)C(=O)N(Cc2noc(CC(C)C)c2)CC(=O)N[C@@H](CC(C)C)C(=O)N(CC3CCOCC3)CC(=O)N(C)[C@@H](CC(C)C)C(=O)N[C@@H](CCCC)C4=O,Sub09-16,800.03936,LA27,Leu,LA12,3.323,22.54072918,8.878385341,1.423305028,2.079823612,2.919144618
345,N51[C@H](CCC1)C(=O)N(Cc2noc(CC(C)C)c2)CC(=O)N[C@@H](Cc3ccccc3)C(=O)N(CC4CCOCC4)CC(=O)N(C)[C@@H](CC(C)C)C(=O)N[C@@H](CCCC)C5=O,Sub09-25,834.05558,LA27,Phe,LA12,3.647,8.130490252,3.571773723,0.450757392,2.440309313,2.424376274
355,N61[C@H](CCC1)C(=O)N(Cc2noc(CC(C)C)c2)CC(=O)N[C@@H](Cc3ccc4ccccc4c3)C(=O)N(CC5CCOCC5)CC(=O)N(C)[C@@H](CC(C)C)C(=O)N[C@@H](CCCC)C6=O,Sub09-35,884.11426,LA27,Nal,LA12,4.555,14.68997962,0.226917516,0.107172301,3.022291032,2.51892344
365,N41[C@H](CCC1)C(=O)N(Cc2ccccc2Cn1cccn1)CC(=O)N[C@@H](C)C(=O)N(CC3CCOCC3)CC(=O)N(C)[C@@H](CC(C)C)C(=O)N[C@@H](CCCC)C4=O,Sub10-05,790.99108,LA33,Ala,LA12,2.135,96.22497331,0.215536451,0.013174077,-0.511924347,2.519673827
376,N41[C@H](CCC1)C(=O)N(Cc2ccccc2Cn1cccn1)CC(=O)N[C@@H](CC(C)C)C(=O)N(CC3CCOCC3)CC(=O)N(C)[C@@H](CC(C)C)C(=O)N[C@@H](CCCC)C4=O,Sub10-16,833.07082,LA33,Leu,LA12,3.367,70.01674534,4.196339213,0.303218182,0.911315668,3.029474303
385,N51[C@H](CCC1)C(=O)N(Cc2ccccc2Cn1cccn1)CC(=O)N[C@@H](Cc3ccccc3)C(=O)N(CC4CCOCC4)CC(=O)N(C)[C@@H](CC(C)C)C(=O)N[C@@H](CCCC)C5=O,Sub10-25,867.08704,LA33,Phe,LA12,3.691,39.234788,4.025098069,0.335639227,1.322862085,2.861265772
395,N61[C@H](CCC1)C(=O)N(Cc2ccccc2Cn1cccn1)CC(=O)N[C@@H](Cc3ccc4ccccc4c3)C(=O)N(CC5CCOCC5)CC(=O)N(C)[C@@H](CC(C)C)C(=O)N[C@@H](CCCC)C6=O,Sub10-35,917.14572,LA33,Nal,LA12,4.599,18.88388179,0.511672275,0.080146418,2.103151564,
7,N31[C@H](CCC1)C(=O)N(CC)CC(=O)N[C@@H](C)C(=O)N(CCc2cccnc2)CC(=O)N(C)[C@@H](CC(C)C)C(=O)N[C@@H](CCCC)C3=O,Sub01-07,655.82792,LA01,Ala,LA14,1.002,,,,,1.744701435
18,N31[C@H](CCC1)C(=O)N(CC)CC(=O)N[C@@H](CC(C)C)C(=O)N(CCc2cccnc2)CC(=O)N(C)[C@@H](CC(C)C)C(=O)N[C@@H](CCCC)C3=O,Sub01-18,697.90766,LA01,Leu,LA14,2.233,,,,,2.701549343
26,N41[C@H](CCC1)C(=O)N(CC)CC(=O)N[C@@H](Cc2ccccc2)C(=O)N(CCc3cccnc3)CC(=O)N(C)[C@@H](CC(C)C)C(=O)N[C@@H](CCCC)C4=O,Sub01-26,731.92388,LA01,Phe,LA14,2.558,83.28120101,1.364082796,0.192176893,-0.390712029,2.85480872
36,N51[C@H](CCC1)C(=O)N(CC)CC(=O)N[C@@H](Cc2ccc3ccccc3c2)C(=O)N(CCc4cccnc4)CC(=O)N(C)[C@@H](CC(C)C)C(=O)N[C@@H](CCCC)C5=O,Sub01-36,781.98256,LA01,Nal,LA14,3.466,30.28094202,3.110977662,0.360617576,0.886713193,3.038881622
47,N31[C@H](CCC1)C(=O)N(CCC)CC(=O)N[C@@H](C)C(=O)N(CCc2cccnc2)CC(=O)N(C)[C@@H](CC(C)C)C(=O)N[C@@H](CCCC)C3=O,Sub02-07,669.8545,LA02,Ala,LA14,1.525,,,,,2.176875164
58,N31[C@H](CCC1)C(=O)N(CCC)CC(=O)N[C@@H](CC(C)C)C(=O)N(CCc2cccnc2)CC(=O)N(C)[C@@H](CC(C)C)C(=O)N[C@@H](CCCC)C3=O,Sub02-18,711.93424,LA02,Leu,LA14,2.757,,,,,3.040992016
66,N41[C@H](CCC1)C(=O)N(CCC)CC(=O)N[C@@H](Cc2ccccc2)C(=O)N(CCc3cccnc3)CC(=O)N(C)[C@@H](CC(C)C)C(=O)N[C@@H](CCCC)C4=O,Sub02-26,745.95046,LA02,Phe,LA14,3.081,67.27550356,2.610216532,0.146319166,0.351800781,3.271260471
76,N51[C@H](CCC1)C(=O)N(CCC)CC(=O)N[C@@H](Cc2ccc3ccccc3c2)C(=O)N(CCc4cccnc4)CC(=O)N(C)[C@@H](CC(C)C)C(=O)N[C@@H](CCCC)C5=O,Sub02-36,796.00914,LA02,Nal,LA14,3.99,21.37376303,3.69663475,0.53387499,1.479253929,3.452209852
87,N31[C@H](CCC1)C(=O)N(CC(C)C)CC(=O)N[C@@H](C)C(=O)N(CCc2cccnc2)CC(=O)N(C)[C@@H](CC(C)C)C(=O)N[C@@H](CCCC)C3=O,Sub03-07,683.88108,LA03,Ala,LA14,1.845,92.07463533,0.290852676,0.03913599,-1.07718739,2.321834885
98,N31[C@H](CCC1)C(=O)N(CC(C)C)CC(=O)N[C@@H](CC(C)C)C(=O)N(CCc2cccnc2)CC(=O)N(C)[C@@H](CC(C)C)C(=O)N[C@@H](CCCC)C3=O,Sub03-18,725.96082,LA03,Leu,LA14,3.076,,,,,2.677243025
106,N41[C@H](CCC1)C(=O)N(CC(C)C)CC(=O)N[C@@H](Cc2ccccc2)C(=O)N(CCc3cccnc3)CC(=O)N(C)[C@@H](CC(C)C)C(=O)N[C@@H](CCCC)C4=O,Sub03-26,759.97704,LA03,Phe,LA14,3.4,51.69400651,4.440714979,0.466992175,0.967143639,2.870103298
116,N51[C@H](CCC1)C(=O)N(CC(C)C)CC(=O)N[C@@H](Cc2ccc3ccccc3c2)C(=O)N(CCc4cccnc4)CC(=O)N(C)[C@@H](CC(C)C)C(=O)N[C@@H](CCCC)C5=O,Sub03-36,810.03572,LA03,Nal,LA14,4.309,16.343419,2.984183195,0.474950138,1.910987072,3.095982469
127,N31[C@H](CCC1)C(=O)N(CCCOC(C)C)CC(=O)N[C@@H](C)C(=O)N(CCc2cccnc2)CC(=O)N(C)[C@@H](CC(C)C)C(=O)N[C@@H](CCCC)C3=O,Sub04-07,727.93364,LA13,Ala,LA14,1.311,97.31260524,0.180098203,0.016819687,-1.383672795,2.631638775
138,N31[C@H](CCC1)C(=O)N(CCCOC(C)C)CC(=O)N[C@@H](CC(C)C)C(=O)N(CCc2cccnc2)CC(=O)N(C)[C@@H](CC(C)C)C(=O)N[C@@H](CCCC)C3=O,Sub04-18,770.01338,LA13,Leu,LA14,2.542,,,,,3.351569506
146,N41[C@H](CCC1)C(=O)N(CCCOC(C)C)CC(=O)N[C@@H](Cc2ccccc2)C(=O)N(CCc3cccnc3)CC(=O)N(C)[C@@H](CC(C)C)C(=O)N[C@@H](CCCC)C4=O,Sub04-26,804.0296,LA13,Phe,LA14,2.867,61.33006178,3.098472391,0.197322597,0.596361922,3.52094524
156,N51[C@H](CCC1)C(=O)N(CCCOC(C)C)CC(=O)N[C@@H](Cc2ccc3ccccc3c2)C(=O)N(CCc4cccnc4)CC(=O)N(C)[C@@H](CC(C)C)C(=O)N[C@@H](CCCC)C5=O,Sub04-36,854.08828,LA13,Nal,LA14,3.775,19.12217234,4.804018137,0.235743886,1.674348643,0.742950718
167,N41[C@H](CCC1)C(=O)N(CCN2CCOCC2)CC(=O)N[C@@H](C)C(=O)N(CCc3cccnc3)CC(=O)N(C)[C@@H](CC(C)C)C(=O)N[C@@H](CCCC)C4=O,Sub05-07,740.9324,LA16,Ala,LA14,0.479,,,,,
178,N41[C@H](CCC1)C(=O)N(CCN2CCOCC2)CC(=O)N[C@@H](CC(C)C)C(=O)N(CCc3cccnc3)CC(=O)N(C)[C@@H](CC(C)C)C(=O)N[C@@H](CCCC)C4=O,Sub05-18,783.01214,LA16,Leu,LA14,1.711,,,,,-0.666883401
186,N51[C@H](CCC1)C(=O)N(CCN2CCOCC2)CC(=O)N[C@@H](Cc3ccccc3)C(=O)N(CCc4cccnc4)CC(=O)N(C)[C@@H](CC(C)C)C(=O)N[C@@H](CCCC)C5=O,Sub05-26,817.02836,LA16,Phe,LA14,2.035,,,,,2.244160245
196,N61[C@H](CCC1)C(=O)N(CCN2CCOCC2)CC(=O)N[C@@H](Cc3ccc4ccccc4c3)C(=O)N(CCc5cccnc5)CC(=O)N(C)[C@@H](CC(C)C)C(=O)N[C@@H](CCCC)C6=O,Sub05-36,867.08704,LA16,Nal,LA14,2.944,,,,,
207,N41[C@H](CCC1)C(=O)N(Cc2ccc(Cl)cc2)CC(=O)N[C@@H](C)C(=O)N(CCc3cccnc3)CC(=O)N(C)[C@@H](CC(C)C)C(=O)N[C@@H](CCCC)C4=O,Sub06-07,752.34236,LA20,Ala,LA14,2.901,81.02423737,2.23461308,0.226545343,0.167374222,3.240205815
218,N41[C@H](CCC1)C(=O)N(Cc2ccc(Cl)cc2)CC(=O)N[C@@H](CC(C)C)C(=O)N(CCc3cccnc3)CC(=O)N(C)[C@@H](CC(C)C)C(=O)N[C@@H](CCCC)C4=O,Sub06-18,794.4221,LA20,Leu,LA14,4.132,,,,,3.404311739
226,N51[C@H](CCC1)C(=O)N(Cc2ccc(Cl)cc2)CC(=O)N[C@@H](Cc3ccccc3)C(=O)N(CCc4cccnc4)CC(=O)N(C)[C@@H](CC(C)C)C(=O)N[C@@H](CCCC)C5=O,Sub06-26,828.43832,LA20,Phe,LA14,4.457,21.0190105,0.766219195,0.145790008,1.861336737,3.589438101
236,N61[C@H](CCC1)C(=O)N(Cc2ccc(Cl)cc2)CC(=O)N[C@@H](Cc3ccc4ccccc4c3)C(=O)N(CCc5cccnc5)CC(=O)N(C)[C@@H](CC(C)C)C(=O)N[C@@H](CCCC)C6=O,Sub06-36,878.497,LA20,Nal,LA14,5.365,53.4525521,0.003508584,0.003358452,2.298482611,3.711840693
247,N41[C@H](CCC1)C(=O)N(CCCCc2ccccc2)CC(=O)N[C@@H](C)C(=O)N(CCc3cccnc3)CC(=O)N(C)[C@@H](CC(C)C)C(=O)N[C@@H](CCCC)C4=O,Sub07-07,759.97704,LA23,Ala,LA14,3.47,60.44370785,2.708952732,0.543796137,0.466529447,3.15894705
258,N41[C@H](CCC1)C(=O)N(CCCCc2ccccc2)CC(=O)N[C@@H](CC(C)C)C(=O)N(CCc3cccnc3)CC(=O)N(C)[C@@H](CC(C)C)C(=O)N[C@@H](CCCC)C4=O,Sub07-18,802.05678,LA23,Leu,LA14,4.702,,,,,3.176347934
266,N51[C@H](CCC1)C(=O)N(CCCCc2ccccc2)CC(=O)N[C@@H](Cc3ccccc3)C(=O)N(CCc4cccnc4)CC(=O)N(C)[C@@H](CC(C)C)C(=O)N[C@@H](CCCC)C5=O,Sub07-26,836.073,LA23,Phe,LA14,5.026,10.05966,0.397331906,0.08157771,2.0618104,3.061212241
276,N61[C@H](CCC1)C(=O)N(CCCCc2ccccc2)CC(=O)N[C@@H](Cc3ccc4ccccc4c3)C(=O)N(CCc5cccnc5)CC(=O)N(C)[C@@H](CC(C)C)C(=O)N[C@@H](CCCC)C6=O,Sub07-36,886.13168,LA23,Nal,LA14,5.934,37.49527591,0.024190349,0.024980814,2.502587105,3.434876336
287,N51[C@H](CCC1)C(=O)N(Cc2ccc3OCOc3c2)CC(=O)N[C@@H](C)C(=O)N(CCc4cccnc4)CC(=O)N(C)[C@@H](CC(C)C)C(=O)N[C@@H](CCCC)C5=O,Sub08-07,761.9068,LA24,Ala,LA14,2.004,86.38367061,0.538164275,0.073398961,-0.850953123,
298,N51[C@H](CCC1)C(=O)N(Cc2ccc3OCOc3c2)CC(=O)N[C@@H](CC(C)C)C(=O)N(CCc4cccnc4)CC(=O)N(C)[C@@H](CC(C)C)C(=O)N[C@@H](CCCC)C5=O,Sub08-18,803.98654,LA24,Leu,LA14,3.236,,,,,3.257125904
306,N61[C@H](CCC1)C(=O)N(Cc2ccc3OCOc3c2)CC(=O)N[C@@H](Cc4ccccc4)C(=O)N(CCc5cccnc5)CC(=O)N(C)[C@@H](CC(C)C)C(=O)N[C@@H](CCCC)C6=O,Sub08-26,838.00276,LA24,Phe,LA14,3.56,24.60517318,1.598245306,0.173976683,1.265789905,3.376102325
316,N71[C@H](CCC1)C(=O)N(Cc2ccc3OCOc3c2)CC(=O)N[C@@H](Cc4ccc5ccccc5c4)C(=O)N(CCc6cccnc6)CC(=O)N(C)[C@@H](CC(C)C)C(=O)N[C@@H](CCCC)C7=O,Sub08-36,888.06144,LA24,Nal,LA14,4.469,39.11031704,0.038356624,0.015242178,2.057443376,2.996762718
327,N41[C@H](CCC1)C(=O)N(Cc2noc(CC(C)C)c2)CC(=O)N[C@@H](C)C(=O)N(CCc3cccnc3)CC(=O)N(C)[C@@H](CC(C)C)C(=O)N[C@@H](CCCC)C4=O,Sub09-07,764.9538,LA27,Ala,LA14,2.426,90.60379054,1.434517935,0.197310425,-0.068064322,3.029616994
338,N41[C@H](CCC1)C(=O)N(Cc2noc(CC(C)C)c2)CC(=O)N[C@@H](CC(C)C)C(=O)N(CCc3cccnc3)CC(=O)N(C)[C@@H](CC(C)C)C(=O)N[C@@H](CCCC)C4=O,Sub09-18,807.03354,LA27,Leu,LA14,3.658,,,,,3.150044821
346,N51[C@H](CCC1)C(=O)N(Cc2noc(CC(C)C)c2)CC(=O)N[C@@H](Cc3ccccc3)C(=O)N(CCc4cccnc4)CC(=O)N(C)[C@@H](CC(C)C)C(=O)N[C@@H](CCCC)C5=O,Sub09-26,841.04976,LA27,Phe,LA14,3.982,11.95142685,2.680001876,0.233268422,1.856536292,3.279627175
356,N61[C@H](CCC1)C(=O)N(Cc2noc(CC(C)C)c2)CC(=O)N[C@@H](Cc3ccc4ccccc4c3)C(=O)N(CCc5cccnc5)CC(=O)N(C)[C@@H](CC(C)C)C(=O)N[C@@H](CCCC)C6=O,Sub09-36,891.10844,LA27,Nal,LA14,4.89,19.06130634,0.117034509,0.120087192,2.718831205,3.534602926
367,N41[C@H](CCC1)C(=O)N(Cc2ccccc2Cn1cccn1)CC(=O)N[C@@H](C)C(=O)N(CCc3cccnc3)CC(=O)N(C)[C@@H](CC(C)C)C(=O)N[C@@H](CCCC)C4=O,Sub10-07,797.98526,LA33,Ala,LA14,2.47,103.1889011,0.168555052,0.014707862,-1.315203845,
378,N41[C@H](CCC1)C(=O)N(Cc2ccccc2Cn1cccn1)CC(=O)N[C@@H](CC(C)C)C(=O)N(CCc3cccnc3)CC(=O)N(C)[C@@H](CC(C)C)C(=O)N[C@@H](CCCC)C4=O,Sub10-18,840.065,LA33,Leu,LA14,3.701,,,,,3.423251833
386,N51[C@H](CCC1)C(=O)N(Cc2ccccc2Cn1cccn1)CC(=O)N[C@@H](Cc3ccccc3)C(=O)N(CCc4cccnc4)CC(=O)N(C)[C@@H](CC(C)C)C(=O)N[C@@H](CCCC)C5=O,Sub10-26,874.08122,LA33,Phe,LA14,4.026,46.16592613,2.054128223,0.185539829,0.724852372,3.368153933
396,N61[C@H](CCC1)C(=O)N(Cc2ccccc2Cn1cccn1)CC(=O)N[C@@H](Cc3ccc4ccccc4c3)C(=O)N(CCc5cccnc5)CC(=O)N(C)[C@@H](CC(C)C)C(=O)N[C@@H](CCCC)C6=O,Sub10-36,924.1399,LA33,Nal,LA14,4.934,21.50148649,0.388811692,0.031424273,1.669220419,1.073436199
9,N31[C@H](CCC1)C(=O)N(CC)CC(=O)N[C@@H](C)C(=O)N(CCCc2ccccc2)CC(=O)N(C)[C@@H](CC(C)C)C(=O)N[C@@H](CCCC)C3=O,Sub01-09,668.86644,LA01,Ala,LA17,2.608,,,,,2.605322068
19,N31[C@H](CCC1)C(=O)N(CC)CC(=O)N[C@@H](CC(C)C)C(=O)N(CCCc2ccccc2)CC(=O)N(C)[C@@H](CC(C)C)C(=O)N[C@@H](CCCC)C3=O,Sub01-19,710.94618,LA01,Leu,LA17,3.84,,,,,2.893154725
28,N41[C@H](CCC1)C(=O)N(CC)CC(=O)N[C@@H](Cc2ccccc2)C(=O)N(CCCc3ccccc3)CC(=O)N(C)[C@@H](CC(C)C)C(=O)N[C@@H](CCCC)C4=O,Sub01-28,744.9624,LA01,Phe,LA17,4.164,,,,,2.911177535
37,N51[C@H](CCC1)C(=O)N(CC)CC(=O)N[C@@H](Cc2ccc3ccccc3c2)C(=O)N(CCCc4ccccc4)CC(=O)N(C)[C@@H](CC(C)C)C(=O)N[C@@H](CCCC)C5=O,Sub01-37,795.02108,LA01,Nal,LA17,5.073,,,,,3.132157951
49,N31[C@H](CCC1)C(=O)N(CCC)CC(=O)N[C@@H](C)C(=O)N(CCCc2ccccc2)CC(=O)N(C)[C@@H](CC(C)C)C(=O)N[C@@H](CCCC)C3=O,Sub02-09,682.89302,LA02,Ala,LA17,3.132,,,,,3.167771913
59,N31[C@H](CCC1)C(=O)N(CCC)CC(=O)N[C@@H](CC(C)C)C(=O)N(CCCc2ccccc2)CC(=O)N(C)[C@@H](CC(C)C)C(=O)N[C@@H](CCCC)C3=O,Sub02-19,724.97276,LA02,Leu,LA17,4.364,,,,,3.349582228
68,N41[C@H](CCC1)C(=O)N(CCC)CC(=O)N[C@@H](Cc2ccccc2)C(=O)N(CCCc3ccccc3)CC(=O)N(C)[C@@H](CC(C)C)C(=O)N[C@@H](CCCC)C4=O,Sub02-28,758.98898,LA02,Phe,LA17,4.688,,,,,3.391487274
77,N51[C@H](CCC1)C(=O)N(CCC)CC(=O)N[C@@H](Cc2ccc3ccccc3c2)C(=O)N(CCCc4ccccc4)CC(=O)N(C)[C@@H](CC(C)C)C(=O)N[C@@H](CCCC)C5=O,Sub02-37,809.04766,LA02,Nal,LA17,5.596,,,,,3.568655006
89,N31[C@H](CCC1)C(=O)N(CC(C)C)CC(=O)N[C@@H](C)C(=O)N(CCCc2ccccc2)CC(=O)N(C)[C@@H](CC(C)C)C(=O)N[C@@H](CCCC)C3=O,Sub03-09,696.9196,LA03,Ala,LA17,3.451,,,,,2.673747134
99,N31[C@H](CCC1)C(=O)N(CC(C)C)CC(=O)N[C@@H](CC(C)C)C(=O)N(CCCc2ccccc2)CC(=O)N(C)[C@@H](CC(C)C)C(=O)N[C@@H](CCCC)C3=O,Sub03-19,738.99934,LA03,Leu,LA17,4.683,,,,,2.63351598
108,N41[C@H](CCC1)C(=O)N(CC(C)C)CC(=O)N[C@@H](Cc2ccccc2)C(=O)N(CCCc3ccccc3)CC(=O)N(C)[C@@H](CC(C)C)C(=O)N[C@@H](CCCC)C4=O,Sub03-28,773.01556,LA03,Phe,LA17,5.007,,,,,2.86121972
117,N51[C@H](CCC1)C(=O)N(CC(C)C)CC(=O)N[C@@H](Cc2ccc3ccccc3c2)C(=O)N(CCCc4ccccc4)CC(=O)N(C)[C@@H](CC(C)C)C(=O)N[C@@H](CCCC)C5=O,Sub03-37,823.07424,LA03,Nal,LA17,5.916,,,,,3.134977318
129,N31[C@H](CCC1)C(=O)N(CCCOC(C)C)CC(=O)N[C@@H](C)C(=O)N(CCCc2ccccc2)CC(=O)N(C)[C@@H](CC(C)C)C(=O)N[C@@H](CCCC)C3=O,Sub04-09,740.97216,LA13,Ala,LA17,2.917,,,,,3.373109127
139,N31[C@H](CCC1)C(=O)N(CCCOC(C)C)CC(=O)N[C@@H](CC(C)C)C(=O)N(CCCc2ccccc2)CC(=O)N(C)[C@@H](CC(C)C)C(=O)N[C@@H](CCCC)C3=O,Sub04-19,783.0519,LA13,Leu,LA17,4.149,,,,,3.477531642
148,N41[C@H](CCC1)C(=O)N(CCCOC(C)C)CC(=O)N[C@@H](Cc2ccccc2)C(=O)N(CCCc3ccccc3)CC(=O)N(C)[C@@H](CC(C)C)C(=O)N[C@@H](CCCC)C4=O,Sub04-28,817.06812,LA13,Phe,LA17,4.473,,,,,3.476600754
157,N51[C@H](CCC1)C(=O)N(CCCOC(C)C)CC(=O)N[C@@H](Cc2ccc3ccccc3c2)C(=O)N(CCCc4ccccc4)CC(=O)N(C)[C@@H](CC(C)C)C(=O)N[C@@H](CCCC)C5=O,Sub04-37,867.1268,LA13,Nal,LA17,5.382,,,,,3.899059333
169,N41[C@H](CCC1)C(=O)N(CCN2CCOCC2)CC(=O)N[C@@H](C)C(=O)N(CCCc3ccccc3)CC(=O)N(C)[C@@H](CC(C)C)C(=O)N[C@@H](CCCC)C4=O,Sub05-09,753.97092,LA16,Ala,LA17,2.086,,,,,2.525301944
179,N41[C@H](CCC1)C(=O)N(CCN2CCOCC2)CC(=O)N[C@@H](CC(C)C)C(=O)N(CCCc3ccccc3)CC(=O)N(C)[C@@H](CC(C)C)C(=O)N[C@@H](CCCC)C4=O,Sub05-19,796.05066,LA16,Leu,LA17,3.318,,,,,2.879746562
188,N51[C@H](CCC1)C(=O)N(CCN2CCOCC2)CC(=O)N[C@@H](Cc3ccccc3)C(=O)N(CCCc4ccccc4)CC(=O)N(C)[C@@H](CC(C)C)C(=O)N[C@@H](CCCC)C5=O,Sub05-28,830.06688,LA16,Phe,LA17,3.642,,,,,
197,N61[C@H](CCC1)C(=O)N(CCN2CCOCC2)CC(=O)N[C@@H](Cc3ccc4ccccc4c3)C(=O)N(CCCc5ccccc5)CC(=O)N(C)[C@@H](CC(C)C)C(=O)N[C@@H](CCCC)C6=O,Sub05-37,880.12556,LA16,Nal,LA17,4.55,,,,,3.256998098
209,N41[C@H](CCC1)C(=O)N(Cc2ccc(Cl)cc2)CC(=O)N[C@@H](C)C(=O)N(CCCc3ccccc3)CC(=O)N(C)[C@@H](CC(C)C)C(=O)N[C@@H](CCCC)C4=O,Sub06-09,765.38088,LA20,Ala,LA17,4.508,,,,,3.422983405
219,N41[C@H](CCC1)C(=O)N(Cc2ccc(Cl)cc2)CC(=O)N[C@@H](CC(C)C)C(=O)N(CCCc3ccccc3)CC(=O)N(C)[C@@H](CC(C)C)C(=O)N[C@@H](CCCC)C4=O,Sub06-19,807.46062,LA20,Leu,LA17,5.739,,,,,3.196138052
228,N51[C@H](CCC1)C(=O)N(Cc2ccc(Cl)cc2)CC(=O)N[C@@H](Cc3ccccc3)C(=O)N(CCCc4ccccc4)CC(=O)N(C)[C@@H](CC(C)C)C(=O)N[C@@H](CCCC)C5=O,Sub06-28,841.47684,LA20,Phe,LA17,6.063,,,,,3.387088461
237,N61[C@H](CCC1)C(=O)N(Cc2ccc(Cl)cc2)CC(=O)N[C@@H](Cc3ccc4ccccc4c3)C(=O)N(CCCc5ccccc5)CC(=O)N(C)[C@@H](CC(C)C)C(=O)N[C@@H](CCCC)C6=O,Sub06-37,891.53552,LA20,Nal,LA17,6.972,,,,,
249,N41[C@H](CCC1)C(=O)N(CCCCc2ccccc2)CC(=O)N[C@@H](C)C(=O)N(CCCc3ccccc3)CC(=O)N(C)[C@@H](CC(C)C)C(=O)N[C@@H](CCCC)C4=O,Sub07-09,773.01556,LA23,Ala,LA17,5.077,,,,,
259,N41[C@H](CCC1)C(=O)N(CCCCc2ccccc2)CC(=O)N[C@@H](CC(C)C)C(=O)N(CCCc3ccccc3)CC(=O)N(C)[C@@H](CC(C)C)C(=O)N[C@@H](CCCC)C4=O,Sub07-19,815.0953,LA23,Leu,LA17,6.308,,,,,3.04432726
268,N51[C@H](CCC1)C(=O)N(CCCCc2ccccc2)CC(=O)N[C@@H](Cc3ccccc3)C(=O)N(CCCc4ccccc4)CC(=O)N(C)[C@@H](CC(C)C)C(=O)N[C@@H](CCCC)C5=O,Sub07-28,849.11152,LA23,Phe,LA17,6.633,,,,,2.781452484
277,N61[C@H](CCC1)C(=O)N(CCCCc2ccccc2)CC(=O)N[C@@H](Cc3ccc4ccccc4c3)C(=O)N(CCCc5ccccc5)CC(=O)N(C)[C@@H](CC(C)C)C(=O)N[C@@H](CCCC)C6=O,Sub07-37,899.1702,LA23,Nal,LA17,7.541,,,,,
289,N51[C@H](CCC1)C(=O)N(Cc2ccc3OCOc3c2)CC(=O)N[C@@H](C)C(=O)N(CCCc4ccccc4)CC(=O)N(C)[C@@H](CC(C)C)C(=O)N[C@@H](CCCC)C5=O,Sub08-09,774.94532,LA24,Ala,LA17,3.611,,,,,3.158331076
299,N51[C@H](CCC1)C(=O)N(Cc2ccc3OCOc3c2)CC(=O)N[C@@H](CC(C)C)C(=O)N(CCCc4ccccc4)CC(=O)N(C)[C@@H](CC(C)C)C(=O)N[C@@H](CCCC)C5=O,Sub08-19,817.02506,LA24,Leu,LA17,4.843,,,,,3.108178874
308,N61[C@H](CCC1)C(=O)N(Cc2ccc3OCOc3c2)CC(=O)N[C@@H](Cc4ccccc4)C(=O)N(CCCc5ccccc5)CC(=O)N(C)[C@@H](CC(C)C)C(=O)N[C@@H](CCCC)C6=O,Sub08-28,851.04128,LA24,Phe,LA17,5.167,,,,,3.056316572
317,N71[C@H](CCC1)C(=O)N(Cc2ccc3OCOc3c2)CC(=O)N[C@@H](Cc4ccc5ccccc5c4)C(=O)N(CCCc6ccccc6)CC(=O)N(C)[C@@H](CC(C)C)C(=O)N[C@@H](CCCC)C7=O,Sub08-37,901.09996,LA24,Nal,LA17,6.075,,,,,
329,N41[C@H](CCC1)C(=O)N(Cc2noc(CC(C)C)c2)CC(=O)N[C@@H](C)C(=O)N(CCCc3ccccc3)CC(=O)N(C)[C@@H](CC(C)C)C(=O)N[C@@H](CCCC)C4=O,Sub09-09,777.99232,LA27,Ala,LA17,4.033,,,,,
339,N41[C@H](CCC1)C(=O)N(Cc2noc(CC(C)C)c2)CC(=O)N[C@@H](CC(C)C)C(=O)N(CCCc3ccccc3)CC(=O)N(C)[C@@H](CC(C)C)C(=O)N[C@@H](CCCC)C4=O,Sub09-19,820.07206,LA27,Leu,LA17,5.264,,,,,2.907456606
348,N51[C@H](CCC1)C(=O)N(Cc2noc(CC(C)C)c2)CC(=O)N[C@@H](Cc3ccccc3)C(=O)N(CCCc4ccccc4)CC(=O)N(C)[C@@H](CC(C)C)C(=O)N[C@@H](CCCC)C5=O,Sub09-28,854.08828,LA27,Phe,LA17,5.589,,,,,2.662484738
357,N61[C@H](CCC1)C(=O)N(Cc2noc(CC(C)C)c2)CC(=O)N[C@@H](Cc3ccc4ccccc4c3)C(=O)N(CCCc5ccccc5)CC(=O)N(C)[C@@H](CC(C)C)C(=O)N[C@@H](CCCC)C6=O,Sub09-37,904.14696,LA27,Nal,LA17,6.497,,,,,
369,N41[C@H](CCC1)C(=O)N(Cc2ccccc2Cn1cccn1)CC(=O)N[C@@H](C)C(=O)N(CCCc3ccccc3)CC(=O)N(C)[C@@H](CC(C)C)C(=O)N[C@@H](CCCC)C4=O,Sub10-09,811.02378,LA33,Ala,LA17,4.076,,,,,
379,N41[C@H](CCC1)C(=O)N(Cc2ccccc2Cn1cccn1)CC(=O)N[C@@H](CC(C)C)C(=O)N(CCCc3ccccc3)CC(=O)N(C)[C@@H](CC(C)C)C(=O)N[C@@H](CCCC)C4=O,Sub10-19,853.10352,LA33,Leu,LA17,5.308,,,,,3.26237722
388,N51[C@H](CCC1)C(=O)N(Cc2ccccc2Cn1cccn1)CC(=O)N[C@@H](Cc3ccccc3)C(=O)N(CCCc4ccccc4)CC(=O)N(C)[C@@H](CC(C)C)C(=O)N[C@@H](CCCC)C5=O,Sub10-28,887.11974,LA33,Phe,LA17,5.632,,,,,1.770111403
397,N61[C@H](CCC1)C(=O)N(Cc2ccccc2Cn1cccn1)CC(=O)N[C@@H](Cc3ccc4ccccc4c3)C(=O)N(CCCc5ccccc5)CC(=O)N(C)[C@@H](CC(C)C)C(=O)N[C@@H](CCCC)C6=O,Sub10-37,937.17842,LA33,Nal,LA17,6.541,,,,,
10,N31[C@H](CCC1)C(=O)N(CC)CC(=O)N[C@@H](C)C(=O)N(CCOc2ccccc2)CC(=O)N(C)[C@@H](CC(C)C)C(=O)N[C@@H](CCCC)C3=O,Sub01-10,670.83926,LA01,Ala,LA18,1.88,73.21350092,3.490673374,0.413254487,0.464607492,2.676584899
20,N31[C@H](CCC1)C(=O)N(CC)CC(=O)N[C@@H](CC(C)C)C(=O)N(CCOc2ccccc2)CC(=O)N(C)[C@@H](CC(C)C)C(=O)N[C@@H](CCCC)C3=O,Sub01-20,712.919,LA01,Leu,LA18,3.111,,,,,2.832464509
29,N41[C@H](CCC1)C(=O)N(CC)CC(=O)N[C@@H](Cc2ccccc2)C(=O)N(CCOc3ccccc3)CC(=O)N(C)[C@@H](CC(C)C)C(=O)N[C@@H](CCCC)C4=O,Sub01-29,746.93522,LA01,Phe,LA18,3.436,,,,,2.915355467
38,N51[C@H](CCC1)C(=O)N(CC)CC(=O)N[C@@H](Cc2ccc3ccccc3c2)C(=O)N(CCOc4ccccc4)CC(=O)N(C)[C@@H](CC(C)C)C(=O)N[C@@H](CCCC)C5=O,Sub01-38,796.9939,LA01,Nal,LA18,4.344,,,,,3.061691218
50,N31[C@H](CCC1)C(=O)N(CCC)CC(=O)N[C@@H](C)C(=O)N(CCOc2ccccc2)CC(=O)N(C)[C@@H](CC(C)C)C(=O)N[C@@H](CCCC)C3=O,Sub02-10,684.86584,LA02,Ala,LA18,2.403,,,,,
60,N31[C@H](CCC1)C(=O)N(CCC)CC(=O)N[C@@H](CC(C)C)C(=O)N(CCOc2ccccc2)CC(=O)N(C)[C@@H](CC(C)C)C(=O)N[C@@H](CCCC)C3=O,Sub02-20,726.94558,LA02,Leu,LA18,3.635,,,,,3.373712716
69,N41[C@H](CCC1)C(=O)N(CCC)CC(=O)N[C@@H](Cc2ccccc2)C(=O)N(CCOc3ccccc3)CC(=O)N(C)[C@@H](CC(C)C)C(=O)N[C@@H](CCCC)C4=O,Sub02-29,760.9618,LA02,Phe,LA18,3.959,,,,,
78,N51[C@H](CCC1)C(=O)N(CCC)CC(=O)N[C@@H](Cc2ccc3ccccc3c2)C(=O)N(CCOc4ccccc4)CC(=O)N(C)[C@@H](CC(C)C)C(=O)N[C@@H](CCCC)C5=O,Sub02-38,811.02048,LA02,Nal,LA18,4.868,,,,,3.269216614
90,N31[C@H](CCC1)C(=O)N(CC(C)C)CC(=O)N[C@@H](C)C(=O)N(CCOc2ccccc2)CC(=O)N(C)[C@@H](CC(C)C)C(=O)N[C@@H](CCCC)C3=O,Sub03-10,698.89242,LA03,Ala,LA18,2.723,,,,,2.649311904
100,N31[C@H](CCC1)C(=O)N(CC(C)C)CC(=O)N[C@@H](CC(C)C)C(=O)N(CCOc2ccccc2)CC(=O)N(C)[C@@H](CC(C)C)C(=O)N[C@@H](CCCC)C3=O,Sub03-20,740.97216,LA03,Leu,LA18,3.954,,,,,2.694575507
109,N41[C@H](CCC1)C(=O)N(CC(C)C)CC(=O)N[C@@H](Cc2ccccc2)C(=O)N(CCOc3ccccc3)CC(=O)N(C)[C@@H](CC(C)C)C(=O)N[C@@H](CCCC)C4=O,Sub03-29,774.98838,LA03,Phe,LA18,4.279,,,,,2.565048855
118,N51[C@H](CCC1)C(=O)N(CC(C)C)CC(=O)N[C@@H](Cc2ccc3ccccc3c2)C(=O)N(CCOc4ccccc4)CC(=O)N(C)[C@@H](CC(C)C)C(=O)N[C@@H](CCCC)C5=O,Sub03-38,825.04706,LA03,Nal,LA18,5.187,,,,,2.946888452
130,N31[C@H](CCC1)C(=O)N(CCCOC(C)C)CC(=O)N[C@@H](C)C(=O)N(CCOc2ccccc2)CC(=O)N(C)[C@@H](CC(C)C)C(=O)N[C@@H](CCCC)C3=O,Sub04-10,742.94498,LA13,Ala,LA18,2.189,,,,,
140,N31[C@H](CCC1)C(=O)N(CCCOC(C)C)CC(=O)N[C@@H](CC(C)C)C(=O)N(CCOc2ccccc2)CC(=O)N(C)[C@@H](CC(C)C)C(=O)N[C@@H](CCCC)C3=O,Sub04-20,785.02472,LA13,Leu,LA18,3.42,,,,,3.385613818
149,N41[C@H](CCC1)C(=O)N(CCCOC(C)C)CC(=O)N[C@@H](Cc2ccccc2)C(=O)N(CCOc3ccccc3)CC(=O)N(C)[C@@H](CC(C)C)C(=O)N[C@@H](CCCC)C4=O,Sub04-29,819.04094,LA13,Phe,LA18,3.745,,,,,2.745676309
158,N51[C@H](CCC1)C(=O)N(CCCOC(C)C)CC(=O)N[C@@H](Cc2ccc3ccccc3c2)C(=O)N(CCOc4ccccc4)CC(=O)N(C)[C@@H](CC(C)C)C(=O)N[C@@H](CCCC)C5=O,Sub04-38,869.09962,LA13,Nal,LA18,4.653,,,,,3.234627766
170,N41[C@H](CCC1)C(=O)N(CCN2CCOCC2)CC(=O)N[C@@H](C)C(=O)N(CCOc3ccccc3)CC(=O)N(C)[C@@H](CC(C)C)C(=O)N[C@@H](CCCC)C4=O,Sub05-10,755.94374,LA16,Ala,LA18,1.357,,,,,2.489660834
180,N41[C@H](CCC1)C(=O)N(CCN2CCOCC2)CC(=O)N[C@@H](CC(C)C)C(=O)N(CCOc3ccccc3)CC(=O)N(C)[C@@H](CC(C)C)C(=O)N[C@@H](CCCC)C4=O,Sub05-20,798.02348,LA16,Leu,LA18,2.589,,,,,3.030665918
189,N51[C@H](CCC1)C(=O)N(CCN2CCOCC2)CC(=O)N[C@@H](Cc3ccccc3)C(=O)N(CCOc4ccccc4)CC(=O)N(C)[C@@H](CC(C)C)C(=O)N[C@@H](CCCC)C5=O,Sub05-29,832.0397,LA16,Phe,LA18,2.913,18.23167616,1.728299023,0.197632523,1.151407281,3.088563821
198,N61[C@H](CCC1)C(=O)N(CCN2CCOCC2)CC(=O)N[C@@H](Cc3ccc4ccccc4c3)C(=O)N(CCOc5ccccc5)CC(=O)N(C)[C@@H](CC(C)C)C(=O)N[C@@H](CCCC)C6=O,Sub05-38,882.09838,LA16,Nal,LA18,3.822,9.304747768,0.318369795,0.134427213,1.698606686,2.703071224
210,N41[C@H](CCC1)C(=O)N(Cc2ccc(Cl)cc2)CC(=O)N[C@@H](C)C(=O)N(CCOc3ccccc3)CC(=O)N(C)[C@@H](CC(C)C)C(=O)N[C@@H](CCCC)C4=O,Sub06-10,767.3537,LA20,Ala,LA18,3.779,,,,,2.019924226
220,N41[C@H](CCC1)C(=O)N(Cc2ccc(Cl)cc2)CC(=O)N[C@@H](CC(C)C)C(=O)N(CCOc3ccccc3)CC(=O)N(C)[C@@H](CC(C)C)C(=O)N[C@@H](CCCC)C4=O,Sub06-20,809.43344,LA20,Leu,LA18,5.011,,,,,3.281853156
229,N51[C@H](CCC1)C(=O)N(Cc2ccc(Cl)cc2)CC(=O)N[C@@H](Cc3ccccc3)C(=O)N(CCOc4ccccc4)CC(=O)N(C)[C@@H](CC(C)C)C(=O)N[C@@H](CCCC)C5=O,Sub06-29,843.44966,LA20,Phe,LA18,5.335,,,,,3.373611831
238,N61[C@H](CCC1)C(=O)N(Cc2ccc(Cl)cc2)CC(=O)N[C@@H](Cc3ccc4ccccc4c3)C(=O)N(CCOc5ccccc5)CC(=O)N(C)[C@@H](CC(C)C)C(=O)N[C@@H](CCCC)C6=O,Sub06-38,893.50834,LA20,Nal,LA18,6.243,68.77020806,0.000392598,0.00068,2.924594337,
250,N41[C@H](CCC1)C(=O)N(CCCCc2ccccc2)CC(=O)N[C@@H](C)C(=O)N(CCOc3ccccc3)CC(=O)N(C)[C@@H](CC(C)C)C(=O)N[C@@H](CCCC)C4=O,Sub07-10,774.98838,LA23,Ala,LA18,4.348,,,,,3.043044569
260,N41[C@H](CCC1)C(=O)N(CCCCc2ccccc2)CC(=O)N[C@@H](CC(C)C)C(=O)N(CCOc3ccccc3)CC(=O)N(C)[C@@H](CC(C)C)C(=O)N[C@@H](CCCC)C4=O,Sub07-20,817.06812,LA23,Leu,LA18,5.58,,,,,2.934818985
269,N51[C@H](CCC1)C(=O)N(CCCCc2ccccc2)CC(=O)N[C@@H](Cc3ccccc3)C(=O)N(CCOc4ccccc4)CC(=O)N(C)[C@@H](CC(C)C)C(=O)N[C@@H](CCCC)C5=O,Sub07-29,851.08434,LA23,Phe,LA18,5.904,,,,,3.131542773
278,N61[C@H](CCC1)C(=O)N(CCCCc2ccccc2)CC(=O)N[C@@H](Cc3ccc4ccccc4c3)C(=O)N(CCOc5ccccc5)CC(=O)N(C)[C@@H](CC(C)C)C(=O)N[C@@H](CCCC)C6=O,Sub07-38,901.14302,LA23,Nal,LA18,6.812,,,,,
290,N51[C@H](CCC1)C(=O)N(Cc2ccc3OCOc3c2)CC(=O)N[C@@H](C)C(=O)N(CCOc4ccccc4)CC(=O)N(C)[C@@H](CC(C)C)C(=O)N[C@@H](CCCC)C5=O,Sub08-10,776.91814,LA24,Ala,LA18,2.883,,,,,3.143543592
300,N51[C@H](CCC1)C(=O)N(Cc2ccc3OCOc3c2)CC(=O)N[C@@H](CC(C)C)C(=O)N(CCOc4ccccc4)CC(=O)N(C)[C@@H](CC(C)C)C(=O)N[C@@H](CCCC)C5=O,Sub08-20,818.99788,LA24,Leu,LA18,4.114,,,,,3.085633808
309,N61[C@H](CCC1)C(=O)N(Cc2ccc3OCOc3c2)CC(=O)N[C@@H](Cc4ccccc4)C(=O)N(CCOc5ccccc5)CC(=O)N(C)[C@@H](CC(C)C)C(=O)N[C@@H](CCCC)C6=O,Sub08-29,853.0141,LA24,Phe,LA18,4.438,,,,,2.840399673
318,N71[C@H](CCC1)C(=O)N(Cc2ccc3OCOc3c2)CC(=O)N[C@@H](Cc4ccc5ccccc5c4)C(=O)N(CCOc6ccccc6)CC(=O)N(C)[C@@H](CC(C)C)C(=O)N[C@@H](CCCC)C7=O,Sub08-38,903.07278,LA24,Nal,LA18,5.347,,,,,
330,N41[C@H](CCC1)C(=O)N(Cc2noc(CC(C)C)c2)CC(=O)N[C@@H](C)C(=O)N(CCOc3ccccc3)CC(=O)N(C)[C@@H](CC(C)C)C(=O)N[C@@H](CCCC)C4=O,Sub09-10,779.96514,LA27,Ala,LA18,3.304,,,,,2.961607739
340,N41[C@H](CCC1)C(=O)N(Cc2noc(CC(C)C)c2)CC(=O)N[C@@H](CC(C)C)C(=O)N(CCOc3ccccc3)CC(=O)N(C)[C@@H](CC(C)C)C(=O)N[C@@H](CCCC)C4=O,Sub09-20,822.04488,LA27,Leu,LA18,4.536,,,,,2.833319614
349,N51[C@H](CCC1)C(=O)N(Cc2noc(CC(C)C)c2)CC(=O)N[C@@H](Cc3ccccc3)C(=O)N(CCOc4ccccc4)CC(=O)N(C)[C@@H](CC(C)C)C(=O)N[C@@H](CCCC)C5=O,Sub09-29,856.0611,LA27,Phe,LA18,4.86,,,,,2.652174522
358,N61[C@H](CCC1)C(=O)N(Cc2noc(CC(C)C)c2)CC(=O)N[C@@H](Cc3ccc4ccccc4c3)C(=O)N(CCOc5ccccc5)CC(=O)N(C)[C@@H](CC(C)C)C(=O)N[C@@H](CCCC)C6=O,Sub09-38,906.11978,LA27,Nal,LA18,5.768,,,,,2.783933928
370,N41[C@H](CCC1)C(=O)N(Cc2ccccc2Cn1cccn1)CC(=O)N[C@@H](C)C(=O)N(CCOc3ccccc3)CC(=O)N(C)[C@@H](CC(C)C)C(=O)N[C@@H](CCCC)C4=O,Sub10-10,812.9966,LA33,Ala,LA18,3.348,,,,,3.170779226
380,N41[C@H](CCC1)C(=O)N(Cc2ccccc2Cn1cccn1)CC(=O)N[C@@H](CC(C)C)C(=O)N(CCOc3ccccc3)CC(=O)N(C)[C@@H](CC(C)C)C(=O)N[C@@H](CCCC)C4=O,Sub10-20,855.07634,LA33,Leu,LA18,4.579,,,,,3.085577579
389,N51[C@H](CCC1)C(=O)N(Cc2ccccc2Cn1cccn1)CC(=O)N[C@@H](Cc3ccccc3)C(=O)N(CCOc4ccccc4)CC(=O)N(C)[C@@H](CC(C)C)C(=O)N[C@@H](CCCC)C5=O,Sub10-29,889.09256,LA33,Phe,LA18,4.904,,,,,3.063449185
398,N61[C@H](CCC1)C(=O)N(Cc2ccccc2Cn1cccn1)CC(=O)N[C@@H](Cc3ccc4ccccc4c3)C(=O)N(CCOc5ccccc5)CC(=O)N(C)[C@@H](CC(C)C)C(=O)N[C@@H](CCCC)C6=O,Sub10-38,939.15124,LA33,Nal,LA18,5.812,45.92897971,0.020880058,0.007065829,2.259203249,
11,N31[C@H](CCC1)C(=O)N(CC)CC(=O)N[C@@H](C)C(=O)N(CCCc2cn(C)nc2)CC(=O)N(C)[C@@H](CC(C)C)C(=O)N[C@@H](CCCC)C3=O,Sub01-11,672.85844,LA01,Ala,LA19,1.258,90.44936585,0.04712166,0.013380052,-1.833921392,1.770931013
21,N31[C@H](CCC1)C(=O)N(CC)CC(=O)N[C@@H](CC(C)C)C(=O)N(CCCc2cn(C)nc2)CC(=O)N(C)[C@@H](CC(C)C)C(=O)N[C@@H](CCCC)C3=O,Sub01-21,714.93818,LA01,Leu,LA19,2.49,89.96061896,1.008647076,0.112974865,-0.22521054,2.399499475
31,N41[C@H](CCC1)C(=O)N(CC)CC(=O)N[C@@H](Cc2ccccc2)C(=O)N(CCCc3cn(C)nc3)CC(=O)N(C)[C@@H](CC(C)C)C(=O)N[C@@H](CCCC)C4=O,Sub01-31,748.9544,LA01,Phe,LA19,2.814,83.75400058,2.007718178,0.262821974,0.190900748,2.797655434
39,N51[C@H](CCC1)C(=O)N(CC)CC(=O)N[C@@H](Cc2ccc3ccccc3c2)C(=O)N(CCCc4cn(C)nc4)CC(=O)N(C)[C@@H](CC(C)C)C(=O)N[C@@H](CCCC)C5=O,Sub01-39,799.01308,LA01,Nal,LA19,3.723,30.52728199,3.422122729,0.485308586,1.27011684,2.998886544
51,N31[C@H](CCC1)C(=O)N(CCC)CC(=O)N[C@@H](C)C(=O)N(CCCc2cn(C)nc2)CC(=O)N(C)[C@@H](CC(C)C)C(=O)N[C@@H](CCCC)C3=O,Sub02-11,686.88502,LA02,Ala,LA19,1.782,91.91607125,0.137940417,0.014673557,-1.227167853,2.148433376
61,N31[C@H](CCC1)C(=O)N(CCC)CC(=O)N[C@@H](CC(C)C)C(=O)N(CCCc2cn(C)nc2)CC(=O)N(C)[C@@H](CC(C)C)C(=O)N[C@@H](CCCC)C3=O,Sub02-21,728.96476,LA02,Leu,LA19,3.014,83.70324621,2.574064908,0.056882151,0.509272296,3.105682762
71,N41[C@H](CCC1)C(=O)N(CCC)CC(=O)N[C@@H](Cc2ccccc2)C(=O)N(CCCc3cn(C)nc3)CC(=O)N(C)[C@@H](CC(C)C)C(=O)N[C@@H](CCCC)C4=O,Sub02-31,762.98098,LA02,Phe,LA19,3.338,68.23857101,3.693736807,0.104945494,0.945117958,3.250660164
79,N51[C@H](CCC1)C(=O)N(CCC)CC(=O)N[C@@H](Cc2ccc3ccccc3c2)C(=O)N(CCCc4cn(C)nc4)CC(=O)N(C)[C@@H](CC(C)C)C(=O)N[C@@H](CCCC)C5=O,Sub02-39,813.03966,LA02,Nal,LA19,4.246,18.45556704,2.96508155,0.276431676,1.865012589,3.600506395
91,N31[C@H](CCC1)C(=O)N(CC(C)C)CC(=O)N[C@@H](C)C(=O)N(CCCc2cn(C)nc2)CC(=O)N(C)[C@@H](CC(C)C)C(=O)N[C@@H](CCCC)C3=O,Sub03-11,700.9116,LA03,Ala,LA19,2.101,95.10501631,0.375807291,0.056686188,-0.507484761,2.212139937
101,N31[C@H](CCC1)C(=O)N(CC(C)C)CC(=O)N[C@@H](CC(C)C)C(=O)N(CCCc2cn(C)nc2)CC(=O)N(C)[C@@H](CC(C)C)C(=O)N[C@@H](CCCC)C3=O,Sub03-21,742.99134,LA03,Leu,LA19,3.333,79.36534698,5.069768713,0.609180003,0.994325534,2.558470832
111,N41[C@H](CCC1)C(=O)N(CC(C)C)CC(=O)N[C@@H](Cc2ccccc2)C(=O)N(CCCc3cn(C)nc3)CC(=O)N(C)[C@@H](CC(C)C)C(=O)N[C@@H](CCCC)C4=O,Sub03-31,777.00756,LA03,Phe,LA19,3.657,53.42672797,6.089902177,0.707627231,1.380644716,2.673240016
119,N51[C@H](CCC1)C(=O)N(CC(C)C)CC(=O)N[C@@H](Cc2ccc3ccccc3c2)C(=O)N(CCCc4cn(C)nc4)CC(=O)N(C)[C@@H](CC(C)C)C(=O)N[C@@H](CCCC)C5=O,Sub03-39,827.06624,LA03,Nal,LA19,4.566,12.49817265,2.220326307,0.410345046,2.207351498,2.95851539
131,N31[C@H](CCC1)C(=O)N(CCCOC(C)C)CC(=O)N[C@@H](C)C(=O)N(CCCc2cn(C)nc2)CC(=O)N(C)[C@@H](CC(C)C)C(=O)N[C@@H](CCCC)C3=O,Sub04-11,744.96416,LA13,Ala,LA19,1.567,96.90067583,0.214733727,0.015018327,-0.806136835,2.534050226
141,N31[C@H](CCC1)C(=O)N(CCCOC(C)C)CC(=O)N[C@@H](CC(C)C)C(=O)N(CCCc2cn(C)nc2)CC(=O)N(C)[C@@H](CC(C)C)C(=O)N[C@@H](CCCC)C3=O,Sub04-21,787.0439,LA13,Leu,LA19,2.799,76.49857577,3.67729281,0.129594127,0.832200089,3.280098182
151,N41[C@H](CCC1)C(=O)N(CCCOC(C)C)CC(=O)N[C@@H](Cc2ccccc2)C(=O)N(CCCc3cn(C)nc3)CC(=O)N(C)[C@@H](CC(C)C)C(=O)N[C@@H](CCCC)C4=O,Sub04-31,821.06012,LA13,Phe,LA19,3.123,60.33220959,4.649605631,0.294403369,1.167723389,3.417866041
159,N51[C@H](CCC1)C(=O)N(CCCOC(C)C)CC(=O)N[C@@H](Cc2ccc3ccccc3c2)C(=O)N(CCCc4cn(C)nc4)CC(=O)N(C)[C@@H](CC(C)C)C(=O)N[C@@H](CCCC)C5=O,Sub04-39,871.1188,LA13,Nal,LA19,4.032,14.76256594,3.660886364,0.12080844,2.028648734,3.555031045
171,N41[C@H](CCC1)C(=O)N(CCN2CCOCC2)CC(=O)N[C@@H](C)C(=O)N(CCCc3cn(C)nc3)CC(=O)N(C)[C@@H](CC(C)C)C(=O)N[C@@H](CCCC)C4=O,Sub05-11,757.96292,LA16,Ala,LA19,0.736,,,,,
181,N41[C@H](CCC1)C(=O)N(CCN2CCOCC2)CC(=O)N[C@@H](CC(C)C)C(=O)N(CCCc3cn(C)nc3)CC(=O)N(C)[C@@H](CC(C)C)C(=O)N[C@@H](CCCC)C4=O,Sub05-21,800.04266,LA16,Leu,LA19,1.968,103.5199228,0.091462565,0.033226861,-1.070601916,2.363572572
191,N51[C@H](CCC1)C(=O)N(CCN2CCOCC2)CC(=O)N[C@@H](Cc3ccccc3)C(=O)N(CCCc4cn(C)nc4)CC(=O)N(C)[C@@H](CC(C)C)C(=O)N[C@@H](CCCC)C5=O,Sub05-31,834.05888,LA16,Phe,LA19,2.292,102.3497107,0.23355732,0.053709995,-0.690372776,2.570154967
199,N61[C@H](CCC1)C(=O)N(CCN2CCOCC2)CC(=O)N[C@@H](Cc3ccc4ccccc4c3)C(=O)N(CCCc5cn(C)nc5)CC(=O)N(C)[C@@H](CC(C)C)C(=O)N[C@@H](CCCC)C6=O,Sub05-39,884.11756,LA16,Nal,LA19,3.2,58.37864186,0.889285829,0.160208306,0.370720152,2.954522218
211,N41[C@H](CCC1)C(=O)N(Cc2ccc(Cl)cc2)CC(=O)N[C@@H](C)C(=O)N(CCCc3cn(C)nc3)CC(=O)N(C)[C@@H](CC(C)C)C(=O)N[C@@H](CCCC)C4=O,Sub06-11,769.37288,LA20,Ala,LA19,3.157,74.66283023,2.749440452,0.110886475,0.743556604,3.279867732
221,N41[C@H](CCC1)C(=O)N(Cc2ccc(Cl)cc2)CC(=O)N[C@@H](CC(C)C)C(=O)N(CCCc3cn(C)nc3)CC(=O)N(C)[C@@H](CC(C)C)C(=O)N[C@@H](CCCC)C4=O,Sub06-21,811.45262,LA20,Leu,LA19,4.389,17.00365317,3.024800754,0.363118902,1.874325296,2.622243152
231,N51[C@H](CCC1)C(=O)N(Cc2ccc(Cl)cc2)CC(=O)N[C@@H](Cc3ccccc3)C(=O)N(CCCc4cn(C)nc4)CC(=O)N(C)[C@@H](CC(C)C)C(=O)N[C@@H](CCCC)C5=O,Sub06-31,845.46884,LA20,Phe,LA19,4.713,16.73133674,0.779104758,0.169505614,2.248051123,3.533001375
239,N61[C@H](CCC1)C(=O)N(Cc2ccc(Cl)cc2)CC(=O)N[C@@H](Cc3ccc4ccccc4c3)C(=O)N(CCCc5cn(C)nc5)CC(=O)N(C)[C@@H](CC(C)C)C(=O)N[C@@H](CCCC)C6=O,Sub06-39,895.52752,LA20,Nal,LA19,5.622,40.89444044,0.010176387,0.004530298,2.72401588,2.217262668
251,N41[C@H](CCC1)C(=O)N(CCCCc2ccccc2)CC(=O)N[C@@H](C)C(=O)N(CCCc3cn(C)nc3)CC(=O)N(C)[C@@H](CC(C)C)C(=O)N[C@@H](CCCC)C4=O,Sub07-11,777.00756,LA23,Ala,LA19,3.727,44.35018319,2.376082858,0.471709023,1.051902026,3.053254756
261,N41[C@H](CCC1)C(=O)N(CCCCc2ccccc2)CC(=O)N[C@@H](CC(C)C)C(=O)N(CCCc3cn(C)nc3)CC(=O)N(C)[C@@H](CC(C)C)C(=O)N[C@@H](CCCC)C4=O,Sub07-21,819.0873,LA23,Leu,LA19,4.958,8.868434022,1.490002002,0.094583033,2.354950727,3.094183154
271,N51[C@H](CCC1)C(=O)N(CCCCc2ccccc2)CC(=O)N[C@@H](Cc3ccccc3)C(=O)N(CCCc4cn(C)nc4)CC(=O)N(C)[C@@H](CC(C)C)C(=O)N[C@@H](CCCC)C5=O,Sub07-31,853.10352,LA23,Phe,LA19,5.283,9.827504651,0.475428806,0.095757665,2.619121476,3.241491355
279,N61[C@H](CCC1)C(=O)N(CCCCc2ccccc2)CC(=O)N[C@@H](Cc3ccc4ccccc4c3)C(=O)N(CCCc5cn(C)nc5)CC(=O)N(C)[C@@H](CC(C)C)C(=O)N[C@@H](CCCC)C6=O,Sub07-39,903.1622,LA23,Nal,LA19,6.191,26.2679734,0.009915115,0.017173484,3.136831798,1.621492455
291,N51[C@H](CCC1)C(=O)N(Cc2ccc3OCOc3c2)CC(=O)N[C@@H](C)C(=O)N(CCCc4cn(C)nc4)CC(=O)N(C)[C@@H](CC(C)C)C(=O)N[C@@H](CCCC)C5=O,Sub08-11,778.93732,LA24,Ala,LA19,2.261,75.43223071,0.589044046,0.100656719,-0.195554939,2.793302922
301,N51[C@H](CCC1)C(=O)N(Cc2ccc3OCOc3c2)CC(=O)N[C@@H](CC(C)C)C(=O)N(CCCc4cn(C)nc4)CC(=O)N(C)[C@@H](CC(C)C)C(=O)N[C@@H](CCCC)C5=O,Sub08-21,821.01706,LA24,Leu,LA19,3.493,34.79631974,3.635535395,0.228287549,1.18930241,3.185580554
311,N61[C@H](CCC1)C(=O)N(Cc2ccc3OCOc3c2)CC(=O)N[C@@H](Cc4ccccc4)C(=O)N(CCCc5cn(C)nc5)CC(=O)N(C)[C@@H](CC(C)C)C(=O)N[C@@H](CCCC)C6=O,Sub08-31,855.03328,LA24,Phe,LA19,3.817,20.94685254,1.879472654,0.200529002,1.646903988,3.13179654
319,N71[C@H](CCC1)C(=O)N(Cc2ccc3OCOc3c2)CC(=O)N[C@@H](Cc4ccc5ccccc5c4)C(=O)N(CCCc6cn(C)nc6)CC(=O)N(C)[C@@H](CC(C)C)C(=O)N[C@@H](CCCC)C7=O,Sub08-39,905.09196,LA24,Nal,LA19,4.725,28.8900846,0.024876725,0.011843526,2.405141875,
331,N41[C@H](CCC1)C(=O)N(Cc2noc(CC(C)C)c2)CC(=O)N[C@@H](C)C(=O)N(CCCc3cn(C)nc3)CC(=O)N(C)[C@@H](CC(C)C)C(=O)N[C@@H](CCCC)C4=O,Sub09-11,781.98432,LA27,Ala,LA19,2.683,76.24806721,1.626535207,0.195926164,0.542168074,3.044023998
341,N41[C@H](CCC1)C(=O)N(Cc2noc(CC(C)C)c2)CC(=O)N[C@@H](CC(C)C)C(=O)N(CCCc3cn(C)nc3)CC(=O)N(C)[C@@H](CC(C)C)C(=O)N[C@@H](CCCC)C4=O,Sub09-21,824.06406,LA27,Leu,LA19,3.914,18.80292325,4.650069922,0.709601098,1.882997586,3.005582091
351,N51[C@H](CCC1)C(=O)N(Cc2noc(CC(C)C)c2)CC(=O)N[C@@H](Cc3ccccc3)C(=O)N(CCCc4cn(C)nc4)CC(=O)N(C)[C@@H](CC(C)C)C(=O)N[C@@H](CCCC)C5=O,Sub09-31,858.08028,LA27,Phe,LA19,4.238,9.4146994,2.299405816,0.215315128,2.218440194,3.18551381
359,N61[C@H](CCC1)C(=O)N(Cc2noc(CC(C)C)c2)CC(=O)N[C@@H](Cc3ccc4ccccc4c3)C(=O)N(CCCc5cn(C)nc5)CC(=O)N(C)[C@@H](CC(C)C)C(=O)N[C@@H](CCCC)C6=O,Sub09-39,908.13896,LA27,Nal,LA19,5.147,13.65215195,0.141584153,0.090242938,2.818232038,
371,N41[C@H](CCC1)C(=O)N(Cc2ccccc2Cn1cccn1)CC(=O)N[C@@H](C)C(=O)N(CCCc3cn(C)nc3)CC(=O)N(C)[C@@H](CC(C)C)C(=O)N[C@@H](CCCC)C4=O,Sub10-11,815.01578,LA33,Ala,LA19,2.726,94.64596746,0.218690851,0.030650744,-0.650493031,2.871242918
381,N41[C@H](CCC1)C(=O)N(Cc2ccccc2Cn1cccn1)CC(=O)N[C@@H](CC(C)C)C(=O)N(CCCc3cn(C)nc3)CC(=O)N(C)[C@@H](CC(C)C)C(=O)N[C@@H](CCCC)C4=O,Sub10-21,857.09552,LA33,Leu,LA19,3.958,68.39922957,1.822260674,0.180003932,0.785692666,3.299152791
391,N51[C@H](CCC1)C(=O)N(Cc2ccccc2Cn1cccn1)CC(=O)N[C@@H](Cc3ccccc3)C(=O)N(CCCc4cn(C)nc4)CC(=O)N(C)[C@@H](CC(C)C)C(=O)N[C@@H](CCCC)C5=O,Sub10-31,891.11174,LA33,Phe,LA19,4.282,39.97979658,2.109512045,0.19769546,1.208621648,1.118988771
399,N61[C@H](CCC1)C(=O)N(Cc2ccccc2Cn1cccn1)CC(=O)N[C@@H](Cc3ccc4ccccc4c3)C(=O)N(CCCc5cn(C)nc5)CC(=O)N(C)[C@@H](CC(C)C)C(=O)N[C@@H](CCCC)C6=O,Sub10-39,941.17042,LA33,Nal,LA19,5.191,18.6527133,0.261863502,0.057106044,2.021649345,
12,N31[C@H](CCC1)C(=O)N(CC)CC(=O)N[C@@H](C)C(=O)N(CCCN2CCCC2=O)CC(=O)N(C)[C@@H](CC(C)C)C(=O)N[C@@H](CCCC)C3=O,Sub01-12,675.85908,LA01,Ala,LA21,-0.036,,,,,1.23314556
23,N31[C@H](CCC1)C(=O)N(CC)CC(=O)N[C@@H](CC(C)C)C(=O)N(CCCN2CCCC2=O)CC(=O)N(C)[C@@H](CC(C)C)C(=O)N[C@@H](CCCC)C3=O,Sub01-23,717.93882,LA01,Leu,LA21,1.195,90.26064068,0.095586486,0.018539167,-1.45586506,2.325122351
32,N41[C@H](CCC1)C(=O)N(CC)CC(=O)N[C@@H](Cc2ccccc2)C(=O)N(CCCN3CCCC3=O)CC(=O)N(C)[C@@H](CC(C)C)C(=O)N[C@@H](CCCC)C4=O,Sub01-32,751.95504,LA01,Phe,LA21,1.519,,,,,2.453247914
40,N51[C@H](CCC1)C(=O)N(CC)CC(=O)N[C@@H](Cc2ccc3ccccc3c2)C(=O)N(CCCN4CCCC4=O)CC(=O)N(C)[C@@H](CC(C)C)C(=O)N[C@@H](CCCC)C5=O,Sub01-40,802.01372,LA01,Nal,LA21,2.428,67.59805481,1.408128494,0.281273567,0.12835699,2.940813239
52,N31[C@H](CCC1)C(=O)N(CCC)CC(=O)N[C@@H](C)C(=O)N(CCCN2CCCC2=O)CC(=O)N(C)[C@@H](CC(C)C)C(=O)N[C@@H](CCCC)C3=O,Sub02-12,689.88566,LA02,Ala,LA21,0.487,,,,,1.69139228
63,N31[C@H](CCC1)C(=O)N(CCC)CC(=O)N[C@@H](CC(C)C)C(=O)N(CCCN2CCCC2=O)CC(=O)N(C)[C@@H](CC(C)C)C(=O)N[C@@H](CCCC)C3=O,Sub02-23,731.9654,LA02,Leu,LA21,1.719,88.78918913,0.290071037,0.051562263,-0.719727632,1.733985384
72,N41[C@H](CCC1)C(=O)N(CCC)CC(=O)N[C@@H](Cc2ccccc2)C(=O)N(CCCN3CCCC3=O)CC(=O)N(C)[C@@H](CC(C)C)C(=O)N[C@@H](CCCC)C4=O,Sub02-32,765.98162,LA02,Phe,LA21,2.043,95.93791215,0.581649697,0.073812031,-0.265856937,3.01424546
80,N51[C@H](CCC1)C(=O)N(CCC)CC(=O)N[C@@H](Cc2ccc3ccccc3c2)C(=O)N(CCCN4CCCC4=O)CC(=O)N(C)[C@@H](CC(C)C)C(=O)N[C@@H](CCCC)C5=O,Sub02-40,816.0403,LA02,Nal,LA21,2.952,49.3529,1.756145414,0.094888556,0.869849575,
92,N31[C@H](CCC1)C(=O)N(CC(C)C)CC(=O)N[C@@H](C)C(=O)N(CCCN2CCCC2=O)CC(=O)N(C)[C@@H](CC(C)C)C(=O)N[C@@H](CCCC)C3=O,Sub03-12,703.91224,LA03,Ala,LA21,0.807,,,,,1.971859822
103,N31[C@H](CCC1)C(=O)N(CC(C)C)CC(=O)N[C@@H](CC(C)C)C(=O)N(CCCN2CCCC2=O)CC(=O)N(C)[C@@H](CC(C)C)C(=O)N[C@@H](CCCC)C3=O,Sub03-23,745.99198,LA03,Leu,LA21,2.038,84.93624611,0.532462542,0.121994257,-0.027687535,2.570785409
112,N41[C@H](CCC1)C(=O)N(CC(C)C)CC(=O)N[C@@H](Cc2ccccc2)C(=O)N(CCCN3CCCC3=O)CC(=O)N(C)[C@@H](CC(C)C)C(=O)N[C@@H](CCCC)C4=O,Sub03-32,780.0082,LA03,Phe,LA21,2.362,84.25923292,0.93076843,0.205116855,0.367231607,2.67705427
120,N51[C@H](CCC1)C(=O)N(CC(C)C)CC(=O)N[C@@H](Cc2ccc3ccccc3c2)C(=O)N(CCCN4CCCC4=O)CC(=O)N(C)[C@@H](CC(C)C)C(=O)N[C@@H](CCCC)C5=O,Sub03-40,830.06688,LA03,Nal,LA21,3.271,32.24787834,2.052451758,0.402562964,1.392688546,2.814289628
132,N31[C@H](CCC1)C(=O)N(CCCOC(C)C)CC(=O)N[C@@H](C)C(=O)N(CCCN2CCCC2=O)CC(=O)N(C)[C@@H](CC(C)C)C(=O)N[C@@H](CCCC)C3=O,Sub04-12,747.9648,LA13,Ala,LA21,0.273,,,,,2.036263347
143,N31[C@H](CCC1)C(=O)N(CCCOC(C)C)CC(=O)N[C@@H](CC(C)C)C(=O)N(CCCN2CCCC2=O)CC(=O)N(C)[C@@H](CC(C)C)C(=O)N[C@@H](CCCC)C3=O,Sub04-23,790.04454,LA13,Leu,LA21,1.504,87.23718985,0.342497598,0.046873917,-0.284174799,1.893527476
152,N41[C@H](CCC1)C(=O)N(CCCOC(C)C)CC(=O)N[C@@H](Cc2ccccc2)C(=O)N(CCCN3CCCC3=O)CC(=O)N(C)[C@@H](CC(C)C)C(=O)N[C@@H](CCCC)C4=O,Sub04-32,824.06076,LA13,Phe,LA21,1.828,85.64298996,0.58975792,0.063473617,0.029355467,2.967633639
160,N51[C@H](CCC1)C(=O)N(CCCOC(C)C)CC(=O)N[C@@H](Cc2ccc3ccccc3c2)C(=O)N(CCCN4CCCC4=O)CC(=O)N(C)[C@@H](CC(C)C)C(=O)N[C@@H](CCCC)C5=O,Sub04-40,874.11944,LA13,Nal,LA21,2.737,39.79842855,1.501214419,0.115645243,0.997122584,3.240615604
172,N41[C@H](CCC1)C(=O)N(CCN2CCOCC2)CC(=O)N[C@@H](C)C(=O)N(CCCN3CCCC3=O)CC(=O)N(C)[C@@H](CC(C)C)C(=O)N[C@@H](CCCC)C4=O,Sub05-12,760.96356,LA16,Ala,LA21,-0.559,,,,,
183,N41[C@H](CCC1)C(=O)N(CCN2CCOCC2)CC(=O)N[C@@H](CC(C)C)C(=O)N(CCCN3CCCC3=O)CC(=O)N(C)[C@@H](CC(C)C)C(=O)N[C@@H](CCCC)C4=O,Sub05-23,803.0433,LA16,Leu,LA21,0.673,,,,,1.797834786
192,N51[C@H](CCC1)C(=O)N(CCN2CCOCC2)CC(=O)N[C@@H](Cc3ccccc3)C(=O)N(CCCN4CCCC4=O)CC(=O)N(C)[C@@H](CC(C)C)C(=O)N[C@@H](CCCC)C5=O,Sub05-32,837.05952,LA16,Phe,LA21,0.997,107.6114938,0.044781595,0.010746042,-1.974496485,2.075496031
200,N61[C@H](CCC1)C(=O)N(CCN2CCOCC2)CC(=O)N[C@@H](Cc3ccc4ccccc4c3)C(=O)N(CCCN5CCCC5=O)CC(=O)N(C)[C@@H](CC(C)C)C(=O)N[C@@H](CCCC)C6=O,Sub05-40,887.1182,LA16,Nal,LA21,1.905,97.73563809,0.341797971,0.083392803,-0.839467731,2.799614807
212,N41[C@H](CCC1)C(=O)N(Cc2ccc(Cl)cc2)CC(=O)N[C@@H](C)C(=O)N(CCCN3CCCC3=O)CC(=O)N(C)[C@@H](CC(C)C)C(=O)N[C@@H](CCCC)C4=O,Sub06-12,772.37352,LA20,Ala,LA21,1.863,,,,,2.983084956
223,N41[C@H](CCC1)C(=O)N(Cc2ccc(Cl)cc2)CC(=O)N[C@@H](CC(C)C)C(=O)N(CCCN3CCCC3=O)CC(=O)N(C)[C@@H](CC(C)C)C(=O)N[C@@H](CCCC)C4=O,Sub06-23,814.45326,LA20,Leu,LA21,3.094,,,,,3.28387287
232,N51[C@H](CCC1)C(=O)N(Cc2ccc(Cl)cc2)CC(=O)N[C@@H](Cc3ccccc3)C(=O)N(CCCN4CCCC4=O)CC(=O)N(C)[C@@H](CC(C)C)C(=O)N[C@@H](CCCC)C5=O,Sub06-32,848.46948,LA20,Phe,LA21,3.419,,,,,3.379059893
240,N61[C@H](CCC1)C(=O)N(Cc2ccc(Cl)cc2)CC(=O)N[C@@H](Cc3ccc4ccccc4c3)C(=O)N(CCCN5CCCC5=O)CC(=O)N(C)[C@@H](CC(C)C)C(=O)N[C@@H](CCCC)C6=O,Sub06-40,898.52816,LA20,Nal,LA21,4.327,,,,,2.048102364
252,N41[C@H](CCC1)C(=O)N(CCCCc2ccccc2)CC(=O)N[C@@H](C)C(=O)N(CCCN3CCCC3=O)CC(=O)N(C)[C@@H](CC(C)C)C(=O)N[C@@H](CCCC)C4=O,Sub07-12,780.0082,LA23,Ala,LA21,2.432,88.05567293,0.598757391,0.183519399,-0.051727973,2.975599387
263,N41[C@H](CCC1)C(=O)N(CCCCc2ccccc2)CC(=O)N[C@@H](CC(C)C)C(=O)N(CCCN3CCCC3=O)CC(=O)N(C)[C@@H](CC(C)C)C(=O)N[C@@H](CCCC)C4=O,Sub07-23,822.08794,LA23,Leu,LA21,3.664,25.68300801,1.272331748,0.224654462,1.415677488,3.021103344
272,N51[C@H](CCC1)C(=O)N(CCCCc2ccccc2)CC(=O)N[C@@H](Cc3ccccc3)C(=O)N(CCCN4CCCC4=O)CC(=O)N(C)[C@@H](CC(C)C)C(=O)N[C@@H](CCCC)C5=O,Sub07-32,856.10416,LA23,Phe,LA21,3.988,14.90608179,0.751431852,0.075433931,1.71294333,2.966623783
280,N61[C@H](CCC1)C(=O)N(CCCCc2ccccc2)CC(=O)N[C@@H](Cc3ccc4ccccc4c3)C(=O)N(CCCN5CCCC5=O)CC(=O)N(C)[C@@H](CC(C)C)C(=O)N[C@@H](CCCC)C6=O,Sub07-40,906.16284,LA23,Nal,LA21,4.896,10.39217957,0.05245901,0.045124631,2.537653467,1.383493883
292,N51[C@H](CCC1)C(=O)N(Cc2ccc3OCOc3c2)CC(=O)N[C@@H](C)C(=O)N(CCCN4CCCC4=O)CC(=O)N(C)[C@@H](CC(C)C)C(=O)N[C@@H](CCCC)C5=O,Sub08-12,781.93796,LA24,Ala,LA21,0.966,93.55016529,0.090655448,0.018525255,-1.347890423,2.405593319
303,N51[C@H](CCC1)C(=O)N(Cc2ccc3OCOc3c2)CC(=O)N[C@@H](CC(C)C)C(=O)N(CCCN4CCCC4=O)CC(=O)N(C)[C@@H](CC(C)C)C(=O)N[C@@H](CCCC)C5=O,Sub08-23,824.0177,LA24,Leu,LA21,2.198,71.01280896,1.025311141,0.172917358,0.14028536,3.083095422
312,N61[C@H](CCC1)C(=O)N(Cc2ccc3OCOc3c2)CC(=O)N[C@@H](Cc4ccccc4)C(=O)N(CCCN5CCCC5=O)CC(=O)N(C)[C@@H](CC(C)C)C(=O)N[C@@H](CCCC)C6=O,Sub08-32,858.03392,LA24,Phe,LA21,2.522,48.1071366,1.389097831,0.204337857,0.549643737,3.138030281
320,N71[C@H](CCC1)C(=O)N(Cc2ccc3OCOc3c2)CC(=O)N[C@@H](Cc4ccc5ccccc5c4)C(=O)N(CCCN6CCCC6=O)CC(=O)N(C)[C@@H](CC(C)C)C(=O)N[C@@H](CCCC)C7=O,Sub08-40,908.0926,LA24,Nal,LA21,3.431,17.12732772,0.315726618,0.054875255,1.651311459,
332,N41[C@H](CCC1)C(=O)N(Cc2noc(CC(C)C)c2)CC(=O)N[C@@H](C)C(=O)N(CCCN3CCCC3=O)CC(=O)N(C)[C@@H](CC(C)C)C(=O)N[C@@H](CCCC)C4=O,Sub09-12,784.98496,LA27,Ala,LA21,1.388,102.4121441,0.258288425,0.039822061,-0.561148439,2.773614148
343,N41[C@H](CCC1)C(=O)N(Cc2noc(CC(C)C)c2)CC(=O)N[C@@H](CC(C)C)C(=O)N(CCCN3CCCC3=O)CC(=O)N(C)[C@@H](CC(C)C)C(=O)N[C@@H](CCCC)C4=O,Sub09-23,827.0647,LA27,Leu,LA21,2.62,60.71840647,1.963532063,0.373936923,0.921533878,3.040055139
352,N51[C@H](CCC1)C(=O)N(Cc2noc(CC(C)C)c2)CC(=O)N[C@@H](Cc3ccccc3)C(=O)N(CCCN4CCCC4=O)CC(=O)N(C)[C@@H](CC(C)C)C(=O)N[C@@H](CCCC)C5=O,Sub09-32,861.08092,LA27,Phe,LA21,2.944,36.76295801,1.933786009,0.364517135,1.219028573,3.073021506
360,N61[C@H](CCC1)C(=O)N(Cc2noc(CC(C)C)c2)CC(=O)N[C@@H](Cc3ccc4ccccc4c3)C(=O)N(CCCN5CCCC5=O)CC(=O)N(C)[C@@H](CC(C)C)C(=O)N[C@@H](CCCC)C6=O,Sub09-40,911.1396,LA27,Nal,LA21,3.852,8.200691206,0.434409102,0.120631342,2.153048386,
372,N41[C@H](CCC1)C(=O)N(Cc2ccccc2Cn1cccn1)CC(=O)N[C@@H](C)C(=O)N(CCCN3CCCC3=O)CC(=O)N(C)[C@@H](CC(C)C)C(=O)N[C@@H](CCCC)C4=O,Sub10-12,818.01642,LA33,Ala,LA21,1.432,104.2953026,0.035202953,0.003703127,-1.738655105,2.310064562
383,N41[C@H](CCC1)C(=O)N(Cc2ccccc2Cn1cccn1)CC(=O)N[C@@H](CC(C)C)C(=O)N(CCCN3CCCC3=O)CC(=O)N(C)[C@@H](CC(C)C)C(=O)N[C@@H](CCCC)C4=O,Sub10-23,860.09616,LA33,Leu,LA21,2.663,98.94140417,0.50086139,0.080113073,-0.326994073,3.150941011
392,N51[C@H](CCC1)C(=O)N(Cc2ccccc2Cn1cccn1)CC(=O)N[C@@H](Cc3ccccc3)C(=O)N(CCCN4CCCC4=O)CC(=O)N(C)[C@@H](CC(C)C)C(=O)N[C@@H](CCCC)C5=O,Sub10-32,894.11238,LA33,Phe,LA21,2.988,84.99768841,0.976113491,0.106544392,0.035523778,0.941157937
400,N61[C@H](CCC1)C(=O)N(Cc2ccccc2Cn1cccn1)CC(=O)N[C@@H](Cc3ccc4ccccc4c3)C(=O)N(CCCN5CCCC5=O)CC(=O)N(C)[C@@H](CC(C)C)C(=O)N[C@@H](CCCC)C6=O,Sub10-40,944.17106,LA33,Nal,LA21,3.896,28.02362251,0.867179578,0.097335813,1.111196412,1.714365315