,Name,Exact Mass,ALogP,TPSA,SMILES String
0,CRBN1-5 (NMe)-Thr Leu Pro (NMe)-Phe-F Leu-d7 (NMe)-Leu-d3 ,1041.6371019960025,4.6629000000000085,221.14000000000001,N(C(=O)CCCCOc%89ccc(C%88C(=O)NC(=O)CC%88)cc%89)(C)[C@@H]([C@H](O%99)C)C(=O)N[C@@H](CC(C)C)C(=O)N3CCC[C@H]3C(=O)N(C)[C@@H](Cc%97ccc(F)cc%97)C(=O)N[C@@H](CC([2H])(C([2H])([2H])[2H])C([2H])([2H])[2H])C(=O)N(C)[C@@H](CC(C([2H])([2H])[2H])C)C(=O)%99
1,CRBN1-5 (NMe)-Thr D-Leu Pro (NMe)-Phe-F Leu-d7 (NMe)-Leu-d3 ,1041.6371019960025,4.6629000000000085,221.14000000000001,N(C(=O)CCCCOc%89ccc(C%88C(=O)NC(=O)CC%88)cc%89)(C)[C@@H]([C@H](O%99)C)C(=O)N[C@H](CC(C)C)C(=O)N3CCC[C@H]3C(=O)N(C)[C@@H](Cc%97ccc(F)cc%97)C(=O)N[C@@H](CC([2H])(C([2H])([2H])[2H])C([2H])([2H])[2H])C(=O)N(C)[C@@H](CC(C([2H])([2H])[2H])C)C(=O)%99
2,CRBN1-5 (NMe)-Thr Leu D-Pro (NMe)-Phe-F Leu-d7 (NMe)-Leu-d3 ,1041.6371019960025,4.6629000000000085,221.14000000000001,N(C(=O)CCCCOc%89ccc(C%88C(=O)NC(=O)CC%88)cc%89)(C)[C@@H]([C@H](O%99)C)C(=O)N[C@@H](CC(C)C)C(=O)N3CCC[C@@H]3C(=O)N(C)[C@@H](Cc%97ccc(F)cc%97)C(=O)N[C@@H](CC([2H])(C([2H])([2H])[2H])C([2H])([2H])[2H])C(=O)N(C)[C@@H](CC(C([2H])([2H])[2H])C)C(=O)%99
3,CRBN1-5 (NMe)-Thr D-Leu D-Pro (NMe)-Phe-F Leu-d7 (NMe)-Leu-d3 ,1041.6371019960025,4.6629000000000085,221.14000000000001,N(C(=O)CCCCOc%89ccc(C%88C(=O)NC(=O)CC%88)cc%89)(C)[C@@H]([C@H](O%99)C)C(=O)N[C@H](CC(C)C)C(=O)N3CCC[C@@H]3C(=O)N(C)[C@@H](Cc%97ccc(F)cc%97)C(=O)N[C@@H](CC([2H])(C([2H])([2H])[2H])C([2H])([2H])[2H])C(=O)N(C)[C@@H](CC(C([2H])([2H])[2H])C)C(=O)%99
4,CRBN1-5 (NMe)-Thr Leu Pro (NMe)-D-Phe Leu-d7 (NMe)-Leu-d3 ,1023.6465238080025,4.523800000000011,221.14000000000001,N(C(=O)CCCCOc%89ccc(C%88C(=O)NC(=O)CC%88)cc%89)(C)[C@@H]([C@H](O%99)C)C(=O)N[C@@H](CC(C)C)C(=O)N3CCC[C@H]3C(=O)N(C)[C@H](Cc2ccccc2)C(=O)N[C@@H](CC([2H])(C([2H])([2H])[2H])C([2H])([2H])[2H])C(=O)N(C)[C@@H](CC(C([2H])([2H])[2H])C)C(=O)%99
5,CRBN1-5 (NMe)-Thr D-Leu Pro (NMe)-D-Phe Leu-d7 (NMe)-Leu-d3 ,1023.6465238080025,4.523800000000011,221.14000000000001,N(C(=O)CCCCOc%89ccc(C%88C(=O)NC(=O)CC%88)cc%89)(C)[C@@H]([C@H](O%99)C)C(=O)N[C@H](CC(C)C)C(=O)N3CCC[C@H]3C(=O)N(C)[C@H](Cc2ccccc2)C(=O)N[C@@H](CC([2H])(C([2H])([2H])[2H])C([2H])([2H])[2H])C(=O)N(C)[C@@H](CC(C([2H])([2H])[2H])C)C(=O)%99
6,CRBN1-5 (NMe)-Thr Leu D-Pro (NMe)-D-Phe Leu-d7 (NMe)-Leu-d3 ,1023.6465238080025,4.523800000000011,221.14000000000001,N(C(=O)CCCCOc%89ccc(C%88C(=O)NC(=O)CC%88)cc%89)(C)[C@@H]([C@H](O%99)C)C(=O)N[C@@H](CC(C)C)C(=O)N3CCC[C@@H]3C(=O)N(C)[C@H](Cc2ccccc2)C(=O)N[C@@H](CC([2H])(C([2H])([2H])[2H])C([2H])([2H])[2H])C(=O)N(C)[C@@H](CC(C([2H])([2H])[2H])C)C(=O)%99
7,CRBN1-5 (NMe)-Thr D-Leu D-Pro (NMe)-D-Phe Leu-d7 (NMe)-Leu-d3 ,1023.6465238080025,4.523800000000011,221.14000000000001,N(C(=O)CCCCOc%89ccc(C%88C(=O)NC(=O)CC%88)cc%89)(C)[C@@H]([C@H](O%99)C)C(=O)N[C@H](CC(C)C)C(=O)N3CCC[C@@H]3C(=O)N(C)[C@H](Cc2ccccc2)C(=O)N[C@@H](CC([2H])(C([2H])([2H])[2H])C([2H])([2H])[2H])C(=O)N(C)[C@@H](CC(C([2H])([2H])[2H])C)C(=O)%99
8,CRBN1-5 (NMe)-Thr Leu Pro N-dFBn Leu-d7 (NMe)-Leu-d3 ,1045.6120301200024,4.761100000000007,221.14000000000001,N(C(=O)CCCCOc%89ccc(C%88C(=O)NC(=O)CC%88)cc%89)(C)[C@@H]([C@H](O%99)C)C(=O)N[C@@H](CC(C)C)C(=O)N3CCC[C@H]3C(=O)N(Cc1c(F)cc(F)cc1)CC(=O)N[C@@H](CC([2H])(C([2H])([2H])[2H])C([2H])([2H])[2H])C(=O)N(C)[C@@H](CC(C([2H])([2H])[2H])C)C(=O)%99
9,CRBN1-5 (NMe)-Thr D-Leu Pro N-dFBn Leu-d7 (NMe)-Leu-d3 ,1045.6120301200024,4.761100000000007,221.14000000000001,N(C(=O)CCCCOc%89ccc(C%88C(=O)NC(=O)CC%88)cc%89)(C)[C@@H]([C@H](O%99)C)C(=O)N[C@H](CC(C)C)C(=O)N3CCC[C@H]3C(=O)N(Cc1c(F)cc(F)cc1)CC(=O)N[C@@H](CC([2H])(C([2H])([2H])[2H])C([2H])([2H])[2H])C(=O)N(C)[C@@H](CC(C([2H])([2H])[2H])C)C(=O)%99
10,CRBN1-5 (NMe)-Thr Leu D-Pro N-dFBn Leu-d7 (NMe)-Leu-d3 ,1045.6120301200024,4.761100000000007,221.14000000000001,N(C(=O)CCCCOc%89ccc(C%88C(=O)NC(=O)CC%88)cc%89)(C)[C@@H]([C@H](O%99)C)C(=O)N[C@@H](CC(C)C)C(=O)N3CCC[C@@H]3C(=O)N(Cc1c(F)cc(F)cc1)CC(=O)N[C@@H](CC([2H])(C([2H])([2H])[2H])C([2H])([2H])[2H])C(=O)N(C)[C@@H](CC(C([2H])([2H])[2H])C)C(=O)%99
11,CRBN1-5 (NMe)-Thr D-Leu D-Pro N-dFBn Leu-d7 (NMe)-Leu-d3 ,1045.6120301200024,4.761100000000007,221.14000000000001,N(C(=O)CCCCOc%89ccc(C%88C(=O)NC(=O)CC%88)cc%89)(C)[C@@H]([C@H](O%99)C)C(=O)N[C@H](CC(C)C)C(=O)N3CCC[C@@H]3C(=O)N(Cc1c(F)cc(F)cc1)CC(=O)N[C@@H](CC([2H])(C([2H])([2H])[2H])C([2H])([2H])[2H])C(=O)N(C)[C@@H](CC(C([2H])([2H])[2H])C)C(=O)%99
12,CRBN1-5 (NMe)-Thr Leu Pro (NMe)-Phe-F D-Leu (NMe)-Leu-d3 ,1034.5931647740022,4.66290000000001,221.14000000000001,N(C(=O)CCCCOc%89ccc(C%88C(=O)NC(=O)CC%88)cc%89)(C)[C@@H]([C@H](O%99)C)C(=O)N[C@@H](CC(C)C)C(=O)N3CCC[C@H]3C(=O)N(C)[C@@H](Cc%97ccc(F)cc%97)C(=O)N[C@H](CC(C)C)C(=O)N(C)[C@@H](CC(C([2H])([2H])[2H])C)C(=O)%99
13,CRBN1-5 (NMe)-Thr D-Leu Pro (NMe)-Phe-F D-Leu (NMe)-Leu-d3 ,1034.5931647740022,4.66290000000001,221.14000000000001,N(C(=O)CCCCOc%89ccc(C%88C(=O)NC(=O)CC%88)cc%89)(C)[C@@H]([C@H](O%99)C)C(=O)N[C@H](CC(C)C)C(=O)N3CCC[C@H]3C(=O)N(C)[C@@H](Cc%97ccc(F)cc%97)C(=O)N[C@H](CC(C)C)C(=O)N(C)[C@@H](CC(C([2H])([2H])[2H])C)C(=O)%99
14,CRBN1-5 (NMe)-Thr Leu D-Pro (NMe)-Phe-F D-Leu (NMe)-Leu-d3 ,1034.5931647740022,4.66290000000001,221.14000000000001,N(C(=O)CCCCOc%89ccc(C%88C(=O)NC(=O)CC%88)cc%89)(C)[C@@H]([C@H](O%99)C)C(=O)N[C@@H](CC(C)C)C(=O)N3CCC[C@@H]3C(=O)N(C)[C@@H](Cc%97ccc(F)cc%97)C(=O)N[C@H](CC(C)C)C(=O)N(C)[C@@H](CC(C([2H])([2H])[2H])C)C(=O)%99
15,CRBN1-5 (NMe)-Thr D-Leu D-Pro (NMe)-Phe-F D-Leu (NMe)-Leu-d3 ,1034.5931647740022,4.66290000000001,221.14000000000001,N(C(=O)CCCCOc%89ccc(C%88C(=O)NC(=O)CC%88)cc%89)(C)[C@@H]([C@H](O%99)C)C(=O)N[C@H](CC(C)C)C(=O)N3CCC[C@@H]3C(=O)N(C)[C@@H](Cc%97ccc(F)cc%97)C(=O)N[C@H](CC(C)C)C(=O)N(C)[C@@H](CC(C([2H])([2H])[2H])C)C(=O)%99
16,CRBN1-5 (NMe)-Thr Leu Pro (NMe)-D-Phe D-Leu (NMe)-Leu-d3 ,1016.6025865860023,4.523800000000012,221.14000000000001,N(C(=O)CCCCOc%89ccc(C%88C(=O)NC(=O)CC%88)cc%89)(C)[C@@H]([C@H](O%99)C)C(=O)N[C@@H](CC(C)C)C(=O)N3CCC[C@H]3C(=O)N(C)[C@H](Cc2ccccc2)C(=O)N[C@H](CC(C)C)C(=O)N(C)[C@@H](CC(C([2H])([2H])[2H])C)C(=O)%99
17,CRBN1-5 (NMe)-Thr D-Leu Pro (NMe)-D-Phe D-Leu (NMe)-Leu-d3 ,1016.6025865860023,4.523800000000012,221.14000000000001,N(C(=O)CCCCOc%89ccc(C%88C(=O)NC(=O)CC%88)cc%89)(C)[C@@H]([C@H](O%99)C)C(=O)N[C@H](CC(C)C)C(=O)N3CCC[C@H]3C(=O)N(C)[C@H](Cc2ccccc2)C(=O)N[C@H](CC(C)C)C(=O)N(C)[C@@H](CC(C([2H])([2H])[2H])C)C(=O)%99
18,CRBN1-5 (NMe)-Thr Leu D-Pro (NMe)-D-Phe D-Leu (NMe)-Leu-d3 ,1016.6025865860023,4.523800000000012,221.14000000000001,N(C(=O)CCCCOc%89ccc(C%88C(=O)NC(=O)CC%88)cc%89)(C)[C@@H]([C@H](O%99)C)C(=O)N[C@@H](CC(C)C)C(=O)N3CCC[C@@H]3C(=O)N(C)[C@H](Cc2ccccc2)C(=O)N[C@H](CC(C)C)C(=O)N(C)[C@@H](CC(C([2H])([2H])[2H])C)C(=O)%99
19,CRBN1-5 (NMe)-Thr D-Leu D-Pro (NMe)-D-Phe D-Leu (NMe)-Leu-d3 ,1016.6025865860023,4.523800000000012,221.14000000000001,N(C(=O)CCCCOc%89ccc(C%88C(=O)NC(=O)CC%88)cc%89)(C)[C@@H]([C@H](O%99)C)C(=O)N[C@H](CC(C)C)C(=O)N3CCC[C@@H]3C(=O)N(C)[C@H](Cc2ccccc2)C(=O)N[C@H](CC(C)C)C(=O)N(C)[C@@H](CC(C([2H])([2H])[2H])C)C(=O)%99
20,CRBN1-5 (NMe)-Thr Leu Pro N-dFBn D-Leu (NMe)-Leu-d3 ,1038.568092898002,4.761100000000009,221.14000000000001,N(C(=O)CCCCOc%89ccc(C%88C(=O)NC(=O)CC%88)cc%89)(C)[C@@H]([C@H](O%99)C)C(=O)N[C@@H](CC(C)C)C(=O)N3CCC[C@H]3C(=O)N(Cc1c(F)cc(F)cc1)CC(=O)N[C@H](CC(C)C)C(=O)N(C)[C@@H](CC(C([2H])([2H])[2H])C)C(=O)%99
21,CRBN1-5 (NMe)-Thr D-Leu Pro N-dFBn D-Leu (NMe)-Leu-d3 ,1038.568092898002,4.761100000000009,221.14000000000001,N(C(=O)CCCCOc%89ccc(C%88C(=O)NC(=O)CC%88)cc%89)(C)[C@@H]([C@H](O%99)C)C(=O)N[C@H](CC(C)C)C(=O)N3CCC[C@H]3C(=O)N(Cc1c(F)cc(F)cc1)CC(=O)N[C@H](CC(C)C)C(=O)N(C)[C@@H](CC(C([2H])([2H])[2H])C)C(=O)%99
22,CRBN1-5 (NMe)-Thr Leu D-Pro N-dFBn D-Leu (NMe)-Leu-d3 ,1038.568092898002,4.761100000000009,221.14000000000001,N(C(=O)CCCCOc%89ccc(C%88C(=O)NC(=O)CC%88)cc%89)(C)[C@@H]([C@H](O%99)C)C(=O)N[C@@H](CC(C)C)C(=O)N3CCC[C@@H]3C(=O)N(Cc1c(F)cc(F)cc1)CC(=O)N[C@H](CC(C)C)C(=O)N(C)[C@@H](CC(C([2H])([2H])[2H])C)C(=O)%99
23,CRBN1-5 (NMe)-Thr D-Leu D-Pro N-dFBn D-Leu (NMe)-Leu-d3 ,1038.568092898002,4.761100000000009,221.14000000000001,N(C(=O)CCCCOc%89ccc(C%88C(=O)NC(=O)CC%88)cc%89)(C)[C@@H]([C@H](O%99)C)C(=O)N[C@H](CC(C)C)C(=O)N3CCC[C@@H]3C(=O)N(Cc1c(F)cc(F)cc1)CC(=O)N[C@H](CC(C)C)C(=O)N(C)[C@@H](CC(C([2H])([2H])[2H])C)C(=O)%99
24,CRBN1-5 (NMe)-Thr Leu Pro (NMe)-Phe-F Leu-d7 (NMe)-D-Leu ,1038.6182717580023,4.662900000000009,221.14000000000001,N(C(=O)CCCCOc%89ccc(C%88C(=O)NC(=O)CC%88)cc%89)(C)[C@@H]([C@H](O%99)C)C(=O)N[C@@H](CC(C)C)C(=O)N3CCC[C@H]3C(=O)N(C)[C@@H](Cc%97ccc(F)cc%97)C(=O)N[C@@H](CC([2H])(C([2H])([2H])[2H])C([2H])([2H])[2H])C(=O)N(C)[C@H](CC(C)C)C(=O)%99
25,CRBN1-5 (NMe)-Thr D-Leu Pro (NMe)-Phe-F Leu-d7 (NMe)-D-Leu ,1038.6182717580023,4.662900000000009,221.14000000000001,N(C(=O)CCCCOc%89ccc(C%88C(=O)NC(=O)CC%88)cc%89)(C)[C@@H]([C@H](O%99)C)C(=O)N[C@H](CC(C)C)C(=O)N3CCC[C@H]3C(=O)N(C)[C@@H](Cc%97ccc(F)cc%97)C(=O)N[C@@H](CC([2H])(C([2H])([2H])[2H])C([2H])([2H])[2H])C(=O)N(C)[C@H](CC(C)C)C(=O)%99
26,CRBN1-5 (NMe)-Thr Leu D-Pro (NMe)-Phe-F Leu-d7 (NMe)-D-Leu ,1038.6182717580023,4.662900000000009,221.14000000000001,N(C(=O)CCCCOc%89ccc(C%88C(=O)NC(=O)CC%88)cc%89)(C)[C@@H]([C@H](O%99)C)C(=O)N[C@@H](CC(C)C)C(=O)N3CCC[C@@H]3C(=O)N(C)[C@@H](Cc%97ccc(F)cc%97)C(=O)N[C@@H](CC([2H])(C([2H])([2H])[2H])C([2H])([2H])[2H])C(=O)N(C)[C@H](CC(C)C)C(=O)%99
27,CRBN1-5 (NMe)-Thr D-Leu D-Pro (NMe)-Phe-F Leu-d7 (NMe)-D-Leu ,1038.6182717580023,4.662900000000009,221.14000000000001,N(C(=O)CCCCOc%89ccc(C%88C(=O)NC(=O)CC%88)cc%89)(C)[C@@H]([C@H](O%99)C)C(=O)N[C@H](CC(C)C)C(=O)N3CCC[C@@H]3C(=O)N(C)[C@@H](Cc%97ccc(F)cc%97)C(=O)N[C@@H](CC([2H])(C([2H])([2H])[2H])C([2H])([2H])[2H])C(=O)N(C)[C@H](CC(C)C)C(=O)%99
28,CRBN1-5 (NMe)-Thr Leu Pro (NMe)-D-Phe Leu-d7 (NMe)-D-Leu ,1020.6276935700024,4.523800000000011,221.14000000000001,N(C(=O)CCCCOc%89ccc(C%88C(=O)NC(=O)CC%88)cc%89)(C)[C@@H]([C@H](O%99)C)C(=O)N[C@@H](CC(C)C)C(=O)N3CCC[C@H]3C(=O)N(C)[C@H](Cc2ccccc2)C(=O)N[C@@H](CC([2H])(C([2H])([2H])[2H])C([2H])([2H])[2H])C(=O)N(C)[C@H](CC(C)C)C(=O)%99
29,CRBN1-5 (NMe)-Thr D-Leu Pro (NMe)-D-Phe Leu-d7 (NMe)-D-Leu ,1020.6276935700024,4.523800000000011,221.14000000000001,N(C(=O)CCCCOc%89ccc(C%88C(=O)NC(=O)CC%88)cc%89)(C)[C@@H]([C@H](O%99)C)C(=O)N[C@H](CC(C)C)C(=O)N3CCC[C@H]3C(=O)N(C)[C@H](Cc2ccccc2)C(=O)N[C@@H](CC([2H])(C([2H])([2H])[2H])C([2H])([2H])[2H])C(=O)N(C)[C@H](CC(C)C)C(=O)%99
30,CRBN1-5 (NMe)-Thr Leu D-Pro (NMe)-D-Phe Leu-d7 (NMe)-D-Leu ,1020.6276935700024,4.523800000000011,221.14000000000001,N(C(=O)CCCCOc%89ccc(C%88C(=O)NC(=O)CC%88)cc%89)(C)[C@@H]([C@H](O%99)C)C(=O)N[C@@H](CC(C)C)C(=O)N3CCC[C@@H]3C(=O)N(C)[C@H](Cc2ccccc2)C(=O)N[C@@H](CC([2H])(C([2H])([2H])[2H])C([2H])([2H])[2H])C(=O)N(C)[C@H](CC(C)C)C(=O)%99
31,CRBN1-5 (NMe)-Thr D-Leu D-Pro (NMe)-D-Phe Leu-d7 (NMe)-D-Leu ,1020.6276935700024,4.523800000000011,221.14000000000001,N(C(=O)CCCCOc%89ccc(C%88C(=O)NC(=O)CC%88)cc%89)(C)[C@@H]([C@H](O%99)C)C(=O)N[C@H](CC(C)C)C(=O)N3CCC[C@@H]3C(=O)N(C)[C@H](Cc2ccccc2)C(=O)N[C@@H](CC([2H])(C([2H])([2H])[2H])C([2H])([2H])[2H])C(=O)N(C)[C@H](CC(C)C)C(=O)%99
32,CRBN1-5 (NMe)-Thr Leu Pro N-dFBn Leu-d7 (NMe)-D-Leu ,1042.5931998820022,4.761100000000007,221.14000000000001,N(C(=O)CCCCOc%89ccc(C%88C(=O)NC(=O)CC%88)cc%89)(C)[C@@H]([C@H](O%99)C)C(=O)N[C@@H](CC(C)C)C(=O)N3CCC[C@H]3C(=O)N(Cc1c(F)cc(F)cc1)CC(=O)N[C@@H](CC([2H])(C([2H])([2H])[2H])C([2H])([2H])[2H])C(=O)N(C)[C@H](CC(C)C)C(=O)%99
33,CRBN1-5 (NMe)-Thr D-Leu Pro N-dFBn Leu-d7 (NMe)-D-Leu ,1042.5931998820022,4.761100000000007,221.14000000000001,N(C(=O)CCCCOc%89ccc(C%88C(=O)NC(=O)CC%88)cc%89)(C)[C@@H]([C@H](O%99)C)C(=O)N[C@H](CC(C)C)C(=O)N3CCC[C@H]3C(=O)N(Cc1c(F)cc(F)cc1)CC(=O)N[C@@H](CC([2H])(C([2H])([2H])[2H])C([2H])([2H])[2H])C(=O)N(C)[C@H](CC(C)C)C(=O)%99
34,CRBN1-5 (NMe)-Thr Leu D-Pro N-dFBn Leu-d7 (NMe)-D-Leu ,1042.5931998820022,4.761100000000007,221.14000000000001,N(C(=O)CCCCOc%89ccc(C%88C(=O)NC(=O)CC%88)cc%89)(C)[C@@H]([C@H](O%99)C)C(=O)N[C@@H](CC(C)C)C(=O)N3CCC[C@@H]3C(=O)N(Cc1c(F)cc(F)cc1)CC(=O)N[C@@H](CC([2H])(C([2H])([2H])[2H])C([2H])([2H])[2H])C(=O)N(C)[C@H](CC(C)C)C(=O)%99
35,CRBN1-5 (NMe)-Thr D-Leu D-Pro N-dFBn Leu-d7 (NMe)-D-Leu ,1042.5931998820022,4.761100000000007,221.14000000000001,N(C(=O)CCCCOc%89ccc(C%88C(=O)NC(=O)CC%88)cc%89)(C)[C@@H]([C@H](O%99)C)C(=O)N[C@H](CC(C)C)C(=O)N3CCC[C@@H]3C(=O)N(Cc1c(F)cc(F)cc1)CC(=O)N[C@@H](CC([2H])(C([2H])([2H])[2H])C([2H])([2H])[2H])C(=O)N(C)[C@H](CC(C)C)C(=O)%99
36,CRBN1-5 (NMe)-Thr Leu Pro (NMe)-Phe-F D-Leu (NMe)-D-Leu ,1031.5743345360022,4.66290000000001,221.14000000000001,N(C(=O)CCCCOc%89ccc(C%88C(=O)NC(=O)CC%88)cc%89)(C)[C@@H]([C@H](O%99)C)C(=O)N[C@@H](CC(C)C)C(=O)N3CCC[C@H]3C(=O)N(C)[C@@H](Cc%97ccc(F)cc%97)C(=O)N[C@H](CC(C)C)C(=O)N(C)[C@H](CC(C)C)C(=O)%99
37,CRBN1-5 (NMe)-Thr D-Leu Pro (NMe)-Phe-F D-Leu (NMe)-D-Leu ,1031.5743345360022,4.66290000000001,221.14000000000001,N(C(=O)CCCCOc%89ccc(C%88C(=O)NC(=O)CC%88)cc%89)(C)[C@@H]([C@H](O%99)C)C(=O)N[C@H](CC(C)C)C(=O)N3CCC[C@H]3C(=O)N(C)[C@@H](Cc%97ccc(F)cc%97)C(=O)N[C@H](CC(C)C)C(=O)N(C)[C@H](CC(C)C)C(=O)%99
38,CRBN1-5 (NMe)-Thr Leu D-Pro (NMe)-Phe-F D-Leu (NMe)-D-Leu ,1031.5743345360022,4.66290000000001,221.14000000000001,N(C(=O)CCCCOc%89ccc(C%88C(=O)NC(=O)CC%88)cc%89)(C)[C@@H]([C@H](O%99)C)C(=O)N[C@@H](CC(C)C)C(=O)N3CCC[C@@H]3C(=O)N(C)[C@@H](Cc%97ccc(F)cc%97)C(=O)N[C@H](CC(C)C)C(=O)N(C)[C@H](CC(C)C)C(=O)%99
39,CRBN1-5 (NMe)-Thr D-Leu D-Pro (NMe)-Phe-F D-Leu (NMe)-D-Leu ,1031.5743345360022,4.66290000000001,221.14000000000001,N(C(=O)CCCCOc%89ccc(C%88C(=O)NC(=O)CC%88)cc%89)(C)[C@@H]([C@H](O%99)C)C(=O)N[C@H](CC(C)C)C(=O)N3CCC[C@@H]3C(=O)N(C)[C@@H](Cc%97ccc(F)cc%97)C(=O)N[C@H](CC(C)C)C(=O)N(C)[C@H](CC(C)C)C(=O)%99
40,CRBN1-5 (NMe)-Thr Leu Pro (NMe)-D-Phe D-Leu (NMe)-D-Leu ,1013.5837563480022,4.523800000000012,221.14000000000001,N(C(=O)CCCCOc%89ccc(C%88C(=O)NC(=O)CC%88)cc%89)(C)[C@@H]([C@H](O%99)C)C(=O)N[C@@H](CC(C)C)C(=O)N3CCC[C@H]3C(=O)N(C)[C@H](Cc2ccccc2)C(=O)N[C@H](CC(C)C)C(=O)N(C)[C@H](CC(C)C)C(=O)%99
41,CRBN1-5 (NMe)-Thr D-Leu Pro (NMe)-D-Phe D-Leu (NMe)-D-Leu ,1013.5837563480022,4.523800000000012,221.14000000000001,N(C(=O)CCCCOc%89ccc(C%88C(=O)NC(=O)CC%88)cc%89)(C)[C@@H]([C@H](O%99)C)C(=O)N[C@H](CC(C)C)C(=O)N3CCC[C@H]3C(=O)N(C)[C@H](Cc2ccccc2)C(=O)N[C@H](CC(C)C)C(=O)N(C)[C@H](CC(C)C)C(=O)%99
42,CRBN1-5 (NMe)-Thr Leu D-Pro (NMe)-D-Phe D-Leu (NMe)-D-Leu ,1013.5837563480022,4.523800000000012,221.14000000000001,N(C(=O)CCCCOc%89ccc(C%88C(=O)NC(=O)CC%88)cc%89)(C)[C@@H]([C@H](O%99)C)C(=O)N[C@@H](CC(C)C)C(=O)N3CCC[C@@H]3C(=O)N(C)[C@H](Cc2ccccc2)C(=O)N[C@H](CC(C)C)C(=O)N(C)[C@H](CC(C)C)C(=O)%99
43,CRBN1-5 (NMe)-Thr D-Leu D-Pro (NMe)-D-Phe D-Leu (NMe)-D-Leu ,1013.5837563480022,4.523800000000012,221.14000000000001,N(C(=O)CCCCOc%89ccc(C%88C(=O)NC(=O)CC%88)cc%89)(C)[C@@H]([C@H](O%99)C)C(=O)N[C@H](CC(C)C)C(=O)N3CCC[C@@H]3C(=O)N(C)[C@H](Cc2ccccc2)C(=O)N[C@H](CC(C)C)C(=O)N(C)[C@H](CC(C)C)C(=O)%99
44,CRBN1-5 (NMe)-Thr Leu Pro N-dFBn D-Leu (NMe)-D-Leu ,1035.5492626600021,4.761100000000009,221.14000000000001,N(C(=O)CCCCOc%89ccc(C%88C(=O)NC(=O)CC%88)cc%89)(C)[C@@H]([C@H](O%99)C)C(=O)N[C@@H](CC(C)C)C(=O)N3CCC[C@H]3C(=O)N(Cc1c(F)cc(F)cc1)CC(=O)N[C@H](CC(C)C)C(=O)N(C)[C@H](CC(C)C)C(=O)%99
45,CRBN1-5 (NMe)-Thr D-Leu Pro N-dFBn D-Leu (NMe)-D-Leu ,1035.5492626600021,4.761100000000009,221.14000000000001,N(C(=O)CCCCOc%89ccc(C%88C(=O)NC(=O)CC%88)cc%89)(C)[C@@H]([C@H](O%99)C)C(=O)N[C@H](CC(C)C)C(=O)N3CCC[C@H]3C(=O)N(Cc1c(F)cc(F)cc1)CC(=O)N[C@H](CC(C)C)C(=O)N(C)[C@H](CC(C)C)C(=O)%99
46,CRBN1-5 (NMe)-Thr Leu D-Pro N-dFBn D-Leu (NMe)-D-Leu ,1035.5492626600021,4.761100000000009,221.14000000000001,N(C(=O)CCCCOc%89ccc(C%88C(=O)NC(=O)CC%88)cc%89)(C)[C@@H]([C@H](O%99)C)C(=O)N[C@@H](CC(C)C)C(=O)N3CCC[C@@H]3C(=O)N(Cc1c(F)cc(F)cc1)CC(=O)N[C@H](CC(C)C)C(=O)N(C)[C@H](CC(C)C)C(=O)%99
47,CRBN1-5 (NMe)-Thr D-Leu D-Pro N-dFBn D-Leu (NMe)-D-Leu ,1035.5492626600021,4.761100000000009,221.14000000000001,N(C(=O)CCCCOc%89ccc(C%88C(=O)NC(=O)CC%88)cc%89)(C)[C@@H]([C@H](O%99)C)C(=O)N[C@H](CC(C)C)C(=O)N3CCC[C@@H]3C(=O)N(Cc1c(F)cc(F)cc1)CC(=O)N[C@H](CC(C)C)C(=O)N(C)[C@H](CC(C)C)C(=O)%99
48,CRBN1-5 (NMe)-Thr Leu Pro (NMe)-Phe-F Leu-d7 N-iPr ,1010.5869716300023,4.026800000000009,221.14000000000001,N(C(=O)CCCCOc%89ccc(C%88C(=O)NC(=O)CC%88)cc%89)(C)[C@@H]([C@H](O%99)C)C(=O)N[C@@H](CC(C)C)C(=O)N3CCC[C@H]3C(=O)N(C)[C@@H](Cc%97ccc(F)cc%97)C(=O)N[C@@H](CC([2H])(C([2H])([2H])[2H])C([2H])([2H])[2H])C(=O)N(C(C)(C))CC(=O)%99
49,CRBN1-5 (NMe)-Thr D-Leu Pro (NMe)-Phe-F Leu-d7 N-iPr ,1010.5869716300023,4.026800000000009,221.14000000000001,N(C(=O)CCCCOc%89ccc(C%88C(=O)NC(=O)CC%88)cc%89)(C)[C@@H]([C@H](O%99)C)C(=O)N[C@H](CC(C)C)C(=O)N3CCC[C@H]3C(=O)N(C)[C@@H](Cc%97ccc(F)cc%97)C(=O)N[C@@H](CC([2H])(C([2H])([2H])[2H])C([2H])([2H])[2H])C(=O)N(C(C)(C))CC(=O)%99
50,CRBN1-5 (NMe)-Thr Leu D-Pro (NMe)-Phe-F Leu-d7 N-iPr ,1010.5869716300023,4.026800000000009,221.14000000000001,N(C(=O)CCCCOc%89ccc(C%88C(=O)NC(=O)CC%88)cc%89)(C)[C@@H]([C@H](O%99)C)C(=O)N[C@@H](CC(C)C)C(=O)N3CCC[C@@H]3C(=O)N(C)[C@@H](Cc%97ccc(F)cc%97)C(=O)N[C@@H](CC([2H])(C([2H])([2H])[2H])C([2H])([2H])[2H])C(=O)N(C(C)(C))CC(=O)%99
51,CRBN1-5 (NMe)-Thr D-Leu D-Pro (NMe)-Phe-F Leu-d7 N-iPr ,1010.5869716300023,4.026800000000009,221.14000000000001,N(C(=O)CCCCOc%89ccc(C%88C(=O)NC(=O)CC%88)cc%89)(C)[C@@H]([C@H](O%99)C)C(=O)N[C@H](CC(C)C)C(=O)N3CCC[C@@H]3C(=O)N(C)[C@@H](Cc%97ccc(F)cc%97)C(=O)N[C@@H](CC([2H])(C([2H])([2H])[2H])C([2H])([2H])[2H])C(=O)N(C(C)(C))CC(=O)%99
52,CRBN1-5 (NMe)-Thr Leu Pro (NMe)-D-Phe Leu-d7 N-iPr ,992.5963934420023,3.8877000000000104,221.14000000000001,N(C(=O)CCCCOc%89ccc(C%88C(=O)NC(=O)CC%88)cc%89)(C)[C@@H]([C@H](O%99)C)C(=O)N[C@@H](CC(C)C)C(=O)N3CCC[C@H]3C(=O)N(C)[C@H](Cc2ccccc2)C(=O)N[C@@H](CC([2H])(C([2H])([2H])[2H])C([2H])([2H])[2H])C(=O)N(C(C)(C))CC(=O)%99
53,CRBN1-5 (NMe)-Thr D-Leu Pro (NMe)-D-Phe Leu-d7 N-iPr ,992.5963934420023,3.8877000000000104,221.14000000000001,N(C(=O)CCCCOc%89ccc(C%88C(=O)NC(=O)CC%88)cc%89)(C)[C@@H]([C@H](O%99)C)C(=O)N[C@H](CC(C)C)C(=O)N3CCC[C@H]3C(=O)N(C)[C@H](Cc2ccccc2)C(=O)N[C@@H](CC([2H])(C([2H])([2H])[2H])C([2H])([2H])[2H])C(=O)N(C(C)(C))CC(=O)%99
54,CRBN1-5 (NMe)-Thr Leu D-Pro (NMe)-D-Phe Leu-d7 N-iPr ,992.5963934420023,3.8877000000000104,221.14000000000001,N(C(=O)CCCCOc%89ccc(C%88C(=O)NC(=O)CC%88)cc%89)(C)[C@@H]([C@H](O%99)C)C(=O)N[C@@H](CC(C)C)C(=O)N3CCC[C@@H]3C(=O)N(C)[C@H](Cc2ccccc2)C(=O)N[C@@H](CC([2H])(C([2H])([2H])[2H])C([2H])([2H])[2H])C(=O)N(C(C)(C))CC(=O)%99
55,CRBN1-5 (NMe)-Thr D-Leu D-Pro (NMe)-D-Phe Leu-d7 N-iPr ,992.5963934420023,3.8877000000000104,221.14000000000001,N(C(=O)CCCCOc%89ccc(C%88C(=O)NC(=O)CC%88)cc%89)(C)[C@@H]([C@H](O%99)C)C(=O)N[C@H](CC(C)C)C(=O)N3CCC[C@@H]3C(=O)N(C)[C@H](Cc2ccccc2)C(=O)N[C@@H](CC([2H])(C([2H])([2H])[2H])C([2H])([2H])[2H])C(=O)N(C(C)(C))CC(=O)%99
56,CRBN1-5 (NMe)-Thr Leu Pro N-dFBn Leu-d7 N-iPr ,1014.5618997540022,4.125000000000007,221.14000000000001,N(C(=O)CCCCOc%89ccc(C%88C(=O)NC(=O)CC%88)cc%89)(C)[C@@H]([C@H](O%99)C)C(=O)N[C@@H](CC(C)C)C(=O)N3CCC[C@H]3C(=O)N(Cc1c(F)cc(F)cc1)CC(=O)N[C@@H](CC([2H])(C([2H])([2H])[2H])C([2H])([2H])[2H])C(=O)N(C(C)(C))CC(=O)%99
57,CRBN1-5 (NMe)-Thr D-Leu Pro N-dFBn Leu-d7 N-iPr ,1014.5618997540022,4.125000000000007,221.14000000000001,N(C(=O)CCCCOc%89ccc(C%88C(=O)NC(=O)CC%88)cc%89)(C)[C@@H]([C@H](O%99)C)C(=O)N[C@H](CC(C)C)C(=O)N3CCC[C@H]3C(=O)N(Cc1c(F)cc(F)cc1)CC(=O)N[C@@H](CC([2H])(C([2H])([2H])[2H])C([2H])([2H])[2H])C(=O)N(C(C)(C))CC(=O)%99
58,CRBN1-5 (NMe)-Thr Leu D-Pro N-dFBn Leu-d7 N-iPr ,1014.5618997540022,4.125000000000007,221.14000000000001,N(C(=O)CCCCOc%89ccc(C%88C(=O)NC(=O)CC%88)cc%89)(C)[C@@H]([C@H](O%99)C)C(=O)N[C@@H](CC(C)C)C(=O)N3CCC[C@@H]3C(=O)N(Cc1c(F)cc(F)cc1)CC(=O)N[C@@H](CC([2H])(C([2H])([2H])[2H])C([2H])([2H])[2H])C(=O)N(C(C)(C))CC(=O)%99
59,CRBN1-5 (NMe)-Thr D-Leu D-Pro N-dFBn Leu-d7 N-iPr ,1014.5618997540022,4.125000000000007,221.14000000000001,N(C(=O)CCCCOc%89ccc(C%88C(=O)NC(=O)CC%88)cc%89)(C)[C@@H]([C@H](O%99)C)C(=O)N[C@H](CC(C)C)C(=O)N3CCC[C@@H]3C(=O)N(Cc1c(F)cc(F)cc1)CC(=O)N[C@@H](CC([2H])(C([2H])([2H])[2H])C([2H])([2H])[2H])C(=O)N(C(C)(C))CC(=O)%99
60,CRBN1-5 (NMe)-Thr Leu Pro (NMe)-Phe-F D-Leu N-iPr ,1003.5430344080021,4.0268000000000095,221.14000000000001,N(C(=O)CCCCOc%89ccc(C%88C(=O)NC(=O)CC%88)cc%89)(C)[C@@H]([C@H](O%99)C)C(=O)N[C@@H](CC(C)C)C(=O)N3CCC[C@H]3C(=O)N(C)[C@@H](Cc%97ccc(F)cc%97)C(=O)N[C@H](CC(C)C)C(=O)N(C(C)(C))CC(=O)%99
61,CRBN1-5 (NMe)-Thr D-Leu Pro (NMe)-Phe-F D-Leu N-iPr ,1003.5430344080021,4.0268000000000095,221.14000000000001,N(C(=O)CCCCOc%89ccc(C%88C(=O)NC(=O)CC%88)cc%89)(C)[C@@H]([C@H](O%99)C)C(=O)N[C@H](CC(C)C)C(=O)N3CCC[C@H]3C(=O)N(C)[C@@H](Cc%97ccc(F)cc%97)C(=O)N[C@H](CC(C)C)C(=O)N(C(C)(C))CC(=O)%99
62,CRBN1-5 (NMe)-Thr Leu D-Pro (NMe)-Phe-F D-Leu N-iPr ,1003.5430344080021,4.0268000000000095,221.14000000000001,N(C(=O)CCCCOc%89ccc(C%88C(=O)NC(=O)CC%88)cc%89)(C)[C@@H]([C@H](O%99)C)C(=O)N[C@@H](CC(C)C)C(=O)N3CCC[C@@H]3C(=O)N(C)[C@@H](Cc%97ccc(F)cc%97)C(=O)N[C@H](CC(C)C)C(=O)N(C(C)(C))CC(=O)%99
63,CRBN1-5 (NMe)-Thr D-Leu D-Pro (NMe)-Phe-F D-Leu N-iPr ,1003.5430344080021,4.0268000000000095,221.14000000000001,N(C(=O)CCCCOc%89ccc(C%88C(=O)NC(=O)CC%88)cc%89)(C)[C@@H]([C@H](O%99)C)C(=O)N[C@H](CC(C)C)C(=O)N3CCC[C@@H]3C(=O)N(C)[C@@H](Cc%97ccc(F)cc%97)C(=O)N[C@H](CC(C)C)C(=O)N(C(C)(C))CC(=O)%99
64,CRBN1-5 (NMe)-Thr Leu Pro (NMe)-D-Phe D-Leu N-iPr ,985.5524562200021,3.8877000000000113,221.14000000000001,N(C(=O)CCCCOc%89ccc(C%88C(=O)NC(=O)CC%88)cc%89)(C)[C@@H]([C@H](O%99)C)C(=O)N[C@@H](CC(C)C)C(=O)N3CCC[C@H]3C(=O)N(C)[C@H](Cc2ccccc2)C(=O)N[C@H](CC(C)C)C(=O)N(C(C)(C))CC(=O)%99
65,CRBN1-5 (NMe)-Thr D-Leu Pro (NMe)-D-Phe D-Leu N-iPr ,985.5524562200021,3.8877000000000113,221.14000000000001,N(C(=O)CCCCOc%89ccc(C%88C(=O)NC(=O)CC%88)cc%89)(C)[C@@H]([C@H](O%99)C)C(=O)N[C@H](CC(C)C)C(=O)N3CCC[C@H]3C(=O)N(C)[C@H](Cc2ccccc2)C(=O)N[C@H](CC(C)C)C(=O)N(C(C)(C))CC(=O)%99
66,CRBN1-5 (NMe)-Thr Leu D-Pro (NMe)-D-Phe D-Leu N-iPr ,985.5524562200021,3.8877000000000113,221.14000000000001,N(C(=O)CCCCOc%89ccc(C%88C(=O)NC(=O)CC%88)cc%89)(C)[C@@H]([C@H](O%99)C)C(=O)N[C@@H](CC(C)C)C(=O)N3CCC[C@@H]3C(=O)N(C)[C@H](Cc2ccccc2)C(=O)N[C@H](CC(C)C)C(=O)N(C(C)(C))CC(=O)%99
67,CRBN1-5 (NMe)-Thr D-Leu D-Pro (NMe)-D-Phe D-Leu N-iPr ,985.5524562200021,3.8877000000000113,221.14000000000001,N(C(=O)CCCCOc%89ccc(C%88C(=O)NC(=O)CC%88)cc%89)(C)[C@@H]([C@H](O%99)C)C(=O)N[C@H](CC(C)C)C(=O)N3CCC[C@@H]3C(=O)N(C)[C@H](Cc2ccccc2)C(=O)N[C@H](CC(C)C)C(=O)N(C(C)(C))CC(=O)%99
68,CRBN1-5 (NMe)-Thr Leu Pro N-dFBn D-Leu N-iPr ,1007.517962532002,4.125000000000008,221.14000000000001,N(C(=O)CCCCOc%89ccc(C%88C(=O)NC(=O)CC%88)cc%89)(C)[C@@H]([C@H](O%99)C)C(=O)N[C@@H](CC(C)C)C(=O)N3CCC[C@H]3C(=O)N(Cc1c(F)cc(F)cc1)CC(=O)N[C@H](CC(C)C)C(=O)N(C(C)(C))CC(=O)%99
69,CRBN1-5 (NMe)-Thr D-Leu Pro N-dFBn D-Leu N-iPr ,1007.517962532002,4.125000000000008,221.14000000000001,N(C(=O)CCCCOc%89ccc(C%88C(=O)NC(=O)CC%88)cc%89)(C)[C@@H]([C@H](O%99)C)C(=O)N[C@H](CC(C)C)C(=O)N3CCC[C@H]3C(=O)N(Cc1c(F)cc(F)cc1)CC(=O)N[C@H](CC(C)C)C(=O)N(C(C)(C))CC(=O)%99
70,CRBN1-5 (NMe)-Thr Leu D-Pro N-dFBn D-Leu N-iPr ,1007.517962532002,4.125000000000008,221.14000000000001,N(C(=O)CCCCOc%89ccc(C%88C(=O)NC(=O)CC%88)cc%89)(C)[C@@H]([C@H](O%99)C)C(=O)N[C@@H](CC(C)C)C(=O)N3CCC[C@@H]3C(=O)N(Cc1c(F)cc(F)cc1)CC(=O)N[C@H](CC(C)C)C(=O)N(C(C)(C))CC(=O)%99
71,CRBN1-5 (NMe)-Thr D-Leu D-Pro N-dFBn D-Leu N-iPr ,1007.517962532002,4.125000000000008,221.14000000000001,N(C(=O)CCCCOc%89ccc(C%88C(=O)NC(=O)CC%88)cc%89)(C)[C@@H]([C@H](O%99)C)C(=O)N[C@H](CC(C)C)C(=O)N3CCC[C@@H]3C(=O)N(Cc1c(F)cc(F)cc1)CC(=O)N[C@H](CC(C)C)C(=O)N(C(C)(C))CC(=O)%99
